INSERT INTO currency_pair_configs (user_id, currency_pair, exchange, `interval`, tradeable, strategy, `limit`, autotrade, stop_loss, take_profit, asset_allocation) VALUES ('2', 'ETHBTC', 'binance', '1m', 1, 'moving_average_crossover', 1000, 1, 0.3, 0.3, 1);
INSERT INTO portfolios (user_id, total_cost, exchange) VALUES ('2', '1000', 'binance');
INSERT INTO balances (portfolio_id, asset, free, locked, total) VALUES ('2', 'BTC', 100.0, 0.0, 100.0);
INSERT INTO currency_pair_configs (user_id, currency_pair, exchange, `interval`, tradeable, strategy, `limit`, autotrade, stop_loss, take_profit, asset_allocation) VALUES ('3', 'LTCBTC', 'binance', '6h', 1, 'macd', 1000, 1, 0.3, 0.3, 1);
INSERT INTO portfolios (user_id, total_cost, exchange) VALUES ('3', '1000', 'binance');
INSERT INTO balances (portfolio_id, asset, free, locked, total) VALUES ('3', 'BTC', 100.0, 0.0, 100.0);
INSERT INTO currency_pair_configs (user_id, currency_pair, exchange, `interval`, tradeable, strategy, `limit`, autotrade, stop_loss, take_profit, asset_allocation) VALUES ('4', 'BNBBTC', 'binance', '4h', 1, 'stochastic_oscillator', 1000, 1, 0.3, 0.3, 1);
INSERT INTO portfolios (user_id, total_cost, exchange) VALUES ('4', '1000', 'binance');
INSERT INTO balances (portfolio_id, asset, free, locked, total) VALUES ('4', 'BTC', 100.0, 0.0, 100.0);
INSERT INTO currency_pair_configs (user_id, currency_pair, exchange, `interval`, tradeable, strategy, `limit`, autotrade, stop_loss, take_profit, asset_allocation) VALUES ('5', 'NEOBTC', 'binance', '4h', 1, 'macd_rsi', 1000, 1, 0.3, 0.3, 1);
INSERT INTO portfolios (user_id, total_cost, exchange) VALUES ('5', '1000', 'binance');
INSERT INTO balances (portfolio_id, asset, free, locked, total) VALUES ('5', 'BTC', 100.0, 0.0, 100.0);
INSERT INTO currency_pair_configs (user_id, currency_pair, exchange, `interval`, tradeable, strategy, `limit`, autotrade, stop_loss, take_profit, asset_allocation) VALUES ('6', 'QTUMETH', 'binance', '30m', 1, 'rsi', 1000, 1, 0.3, 0.3, 1);
INSERT INTO portfolios (user_id, total_cost, exchange) VALUES ('6', '1000', 'binance');
INSERT INTO balances (portfolio_id, asset, free, locked, total) VALUES ('6', 'ETH', 100.0, 0.0, 100.0);
INSERT INTO currency_pair_configs (user_id, currency_pair, exchange, `interval`, tradeable, strategy, `limit`, autotrade, stop_loss, take_profit, asset_allocation) VALUES ('7', 'EOSETH', 'binance', '2h', 1, 'macd_rsi', 1000, 1, 0.3, 0.3, 1);
INSERT INTO portfolios (user_id, total_cost, exchange) VALUES ('7', '1000', 'binance');
INSERT INTO balances (portfolio_id, asset, free, locked, total) VALUES ('7', 'ETH', 100.0, 0.0, 100.0);
INSERT INTO currency_pair_configs (user_id, currency_pair, exchange, `interval`, tradeable, strategy, `limit`, autotrade, stop_loss, take_profit, asset_allocation) VALUES ('8', 'SNTETH', 'binance', '1d', 1, 'macd_rsi', 1000, 1, 0.3, 0.3, 1);
INSERT INTO portfolios (user_id, total_cost, exchange) VALUES ('8', '1000', 'binance');
INSERT INTO balances (portfolio_id, asset, free, locked, total) VALUES ('8', 'ETH', 100.0, 0.0, 100.0);
INSERT INTO currency_pair_configs (user_id, currency_pair, exchange, `interval`, tradeable, strategy, `limit`, autotrade, stop_loss, take_profit, asset_allocation) VALUES ('9', 'BNTETH', 'binance', '1w', 1, 'macd_rsi', 1000, 1, 0.3, 0.3, 1);
INSERT INTO portfolios (user_id, total_cost, exchange) VALUES ('9', '1000', 'binance');
INSERT INTO balances (portfolio_id, asset, free, locked, total) VALUES ('9', 'ETH', 100.0, 0.0, 100.0);
INSERT INTO currency_pair_configs (user_id, currency_pair, exchange, `interval`, tradeable, strategy, `limit`, autotrade, stop_loss, take_profit, asset_allocation) VALUES ('10', 'BCCBTC', 'binance', '8h', 1, 'rsi', 1000, 1, 0.3, 0.3, 1);
INSERT INTO portfolios (user_id, total_cost, exchange) VALUES ('10', '1000', 'binance');
INSERT INTO balances (portfolio_id, asset, free, locked, total) VALUES ('10', 'BTC', 100.0, 0.0, 100.0);
INSERT INTO currency_pair_configs (user_id, currency_pair, exchange, `interval`, tradeable, strategy, `limit`, autotrade, stop_loss, take_profit, asset_allocation) VALUES ('11', 'GASBTC', 'binance', '8h', 1, 'macd_rsi', 1000, 1, 0.3, 0.3, 1);
INSERT INTO portfolios (user_id, total_cost, exchange) VALUES ('11', '1000', 'binance');
INSERT INTO balances (portfolio_id, asset, free, locked, total) VALUES ('11', 'BTC', 100.0, 0.0, 100.0);
INSERT INTO currency_pair_configs (user_id, currency_pair, exchange, `interval`, tradeable, strategy, `limit`, autotrade, stop_loss, take_profit, asset_allocation) VALUES ('12', 'BNBETH', 'binance', '3m', 1, 'macd', 1000, 1, 0.3, 0.3, 1);
INSERT INTO portfolios (user_id, total_cost, exchange) VALUES ('12', '1000', 'binance');
INSERT INTO balances (portfolio_id, asset, free, locked, total) VALUES ('12', 'ETH', 100.0, 0.0, 100.0);
INSERT INTO currency_pair_configs (user_id, currency_pair, exchange, `interval`, tradeable, strategy, `limit`, autotrade, stop_loss, take_profit, asset_allocation) VALUES ('13', 'BTCUSDT', 'binance', '1d', 1, 'bollinger_bands', 1000, 1, 0.3, 0.3, 1);
INSERT INTO portfolios (user_id, total_cost, exchange) VALUES ('13', '1000', 'binance');
INSERT INTO balances (portfolio_id, asset, free, locked, total) VALUES ('13', 'USDT', 100.0, 0.0, 100.0);
INSERT INTO currency_pair_configs (user_id, currency_pair, exchange, `interval`, tradeable, strategy, `limit`, autotrade, stop_loss, take_profit, asset_allocation) VALUES ('14', 'ETHUSDT', 'binance', '15m', 1, 'moving_average_crossover', 1000, 1, 0.3, 0.3, 1);
INSERT INTO portfolios (user_id, total_cost, exchange) VALUES ('14', '1000', 'binance');
INSERT INTO balances (portfolio_id, asset, free, locked, total) VALUES ('14', 'USDT', 100.0, 0.0, 100.0);
INSERT INTO currency_pair_configs (user_id, currency_pair, exchange, `interval`, tradeable, strategy, `limit`, autotrade, stop_loss, take_profit, asset_allocation) VALUES ('15', 'HSRBTC', 'binance', '1M', 1, 'moving_average_crossover', 1000, 1, 0.3, 0.3, 1);
INSERT INTO portfolios (user_id, total_cost, exchange) VALUES ('15', '1000', 'binance');
INSERT INTO balances (portfolio_id, asset, free, locked, total) VALUES ('15', 'BTC', 100.0, 0.0, 100.0);
INSERT INTO currency_pair_configs (user_id, currency_pair, exchange, `interval`, tradeable, strategy, `limit`, autotrade, stop_loss, take_profit, asset_allocation) VALUES ('16', 'OAXETH', 'binance', '1h', 1, 'rsi', 1000, 1, 0.3, 0.3, 1);
INSERT INTO portfolios (user_id, total_cost, exchange) VALUES ('16', '1000', 'binance');
INSERT INTO balances (portfolio_id, asset, free, locked, total) VALUES ('16', 'ETH', 100.0, 0.0, 100.0);
INSERT INTO currency_pair_configs (user_id, currency_pair, exchange, `interval`, tradeable, strategy, `limit`, autotrade, stop_loss, take_profit, asset_allocation) VALUES ('17', 'DNTETH', 'binance', '4h', 1, 'rsi', 1000, 1, 0.3, 0.3, 1);
INSERT INTO portfolios (user_id, total_cost, exchange) VALUES ('17', '1000', 'binance');
INSERT INTO balances (portfolio_id, asset, free, locked, total) VALUES ('17', 'ETH', 100.0, 0.0, 100.0);
INSERT INTO currency_pair_configs (user_id, currency_pair, exchange, `interval`, tradeable, strategy, `limit`, autotrade, stop_loss, take_profit, asset_allocation) VALUES ('18', 'MCOETH', 'binance', '1h', 1, 'macd_rsi', 1000, 1, 0.3, 0.3, 1);
INSERT INTO portfolios (user_id, total_cost, exchange) VALUES ('18', '1000', 'binance');
INSERT INTO balances (portfolio_id, asset, free, locked, total) VALUES ('18', 'ETH', 100.0, 0.0, 100.0);
INSERT INTO currency_pair_configs (user_id, currency_pair, exchange, `interval`, tradeable, strategy, `limit`, autotrade, stop_loss, take_profit, asset_allocation) VALUES ('19', 'ICNETH', 'binance', '6h', 1, 'williams_r', 1000, 1, 0.3, 0.3, 1);
INSERT INTO portfolios (user_id, total_cost, exchange) VALUES ('19', '1000', 'binance');
INSERT INTO balances (portfolio_id, asset, free, locked, total) VALUES ('19', 'ETH', 100.0, 0.0, 100.0);
INSERT INTO currency_pair_configs (user_id, currency_pair, exchange, `interval`, tradeable, strategy, `limit`, autotrade, stop_loss, take_profit, asset_allocation) VALUES ('20', 'MCOBTC', 'binance', '6h', 1, 'stochastic_oscillator', 1000, 1, 0.3, 0.3, 1);
INSERT INTO portfolios (user_id, total_cost, exchange) VALUES ('20', '1000', 'binance');
INSERT INTO balances (portfolio_id, asset, free, locked, total) VALUES ('20', 'BTC', 100.0, 0.0, 100.0);
INSERT INTO currency_pair_configs (user_id, currency_pair, exchange, `interval`, tradeable, strategy, `limit`, autotrade, stop_loss, take_profit, asset_allocation) VALUES ('21', 'WTCBTC', 'binance', '12h', 1, 'williams_r', 1000, 1, 0.3, 0.3, 1);
INSERT INTO portfolios (user_id, total_cost, exchange) VALUES ('21', '1000', 'binance');
INSERT INTO balances (portfolio_id, asset, free, locked, total) VALUES ('21', 'BTC', 100.0, 0.0, 100.0);
INSERT INTO currency_pair_configs (user_id, currency_pair, exchange, `interval`, tradeable, strategy, `limit`, autotrade, stop_loss, take_profit, asset_allocation) VALUES ('22', 'WTCETH', 'binance', '2h', 1, 'stochastic_oscillator', 1000, 1, 0.3, 0.3, 1);
INSERT INTO portfolios (user_id, total_cost, exchange) VALUES ('22', '1000', 'binance');
INSERT INTO balances (portfolio_id, asset, free, locked, total) VALUES ('22', 'ETH', 100.0, 0.0, 100.0);
INSERT INTO currency_pair_configs (user_id, currency_pair, exchange, `interval`, tradeable, strategy, `limit`, autotrade, stop_loss, take_profit, asset_allocation) VALUES ('23', 'LRCBTC', 'binance', '15m', 1, 'bollinger_bands', 1000, 1, 0.3, 0.3, 1);
INSERT INTO portfolios (user_id, total_cost, exchange) VALUES ('23', '1000', 'binance');
INSERT INTO balances (portfolio_id, asset, free, locked, total) VALUES ('23', 'BTC', 100.0, 0.0, 100.0);
INSERT INTO currency_pair_configs (user_id, currency_pair, exchange, `interval`, tradeable, strategy, `limit`, autotrade, stop_loss, take_profit, asset_allocation) VALUES ('24', 'LRCETH', 'binance', '1d', 1, 'rsi', 1000, 1, 0.3, 0.3, 1);
INSERT INTO portfolios (user_id, total_cost, exchange) VALUES ('24', '1000', 'binance');
INSERT INTO balances (portfolio_id, asset, free, locked, total) VALUES ('24', 'ETH', 100.0, 0.0, 100.0);
INSERT INTO currency_pair_configs (user_id, currency_pair, exchange, `interval`, tradeable, strategy, `limit`, autotrade, stop_loss, take_profit, asset_allocation) VALUES ('25', 'QTUMBTC', 'binance', '2h', 1, 'macd_rsi', 1000, 1, 0.3, 0.3, 1);
INSERT INTO portfolios (user_id, total_cost, exchange) VALUES ('25', '1000', 'binance');
INSERT INTO balances (portfolio_id, asset, free, locked, total) VALUES ('25', 'BTC', 100.0, 0.0, 100.0);
INSERT INTO currency_pair_configs (user_id, currency_pair, exchange, `interval`, tradeable, strategy, `limit`, autotrade, stop_loss, take_profit, asset_allocation) VALUES ('26', 'YOYOWBTC', 'binance', '1h', 1, 'bollinger_bands', 1000, 1, 0.3, 0.3, 1);
INSERT INTO portfolios (user_id, total_cost, exchange) VALUES ('26', '1000', 'binance');
INSERT INTO balances (portfolio_id, asset, free, locked, total) VALUES ('26', 'BTC', 100.0, 0.0, 100.0);
INSERT INTO currency_pair_configs (user_id, currency_pair, exchange, `interval`, tradeable, strategy, `limit`, autotrade, stop_loss, take_profit, asset_allocation) VALUES ('27', 'OMGBTC', 'binance', '30m', 1, 'stochastic_oscillator', 1000, 1, 0.3, 0.3, 1);
INSERT INTO portfolios (user_id, total_cost, exchange) VALUES ('27', '1000', 'binance');
INSERT INTO balances (portfolio_id, asset, free, locked, total) VALUES ('27', 'BTC', 100.0, 0.0, 100.0);
INSERT INTO currency_pair_configs (user_id, currency_pair, exchange, `interval`, tradeable, strategy, `limit`, autotrade, stop_loss, take_profit, asset_allocation) VALUES ('28', 'OMGETH', 'binance', '5m', 1, 'stochastic_oscillator', 1000, 1, 0.3, 0.3, 1);
INSERT INTO portfolios (user_id, total_cost, exchange) VALUES ('28', '1000', 'binance');
INSERT INTO balances (portfolio_id, asset, free, locked, total) VALUES ('28', 'ETH', 100.0, 0.0, 100.0);
INSERT INTO currency_pair_configs (user_id, currency_pair, exchange, `interval`, tradeable, strategy, `limit`, autotrade, stop_loss, take_profit, asset_allocation) VALUES ('29', 'ZRXBTC', 'binance', '1w', 1, 'moving_average_crossover', 1000, 1, 0.3, 0.3, 1);
INSERT INTO portfolios (user_id, total_cost, exchange) VALUES ('29', '1000', 'binance');
INSERT INTO balances (portfolio_id, asset, free, locked, total) VALUES ('29', 'BTC', 100.0, 0.0, 100.0);
INSERT INTO currency_pair_configs (user_id, currency_pair, exchange, `interval`, tradeable, strategy, `limit`, autotrade, stop_loss, take_profit, asset_allocation) VALUES ('30', 'ZRXETH', 'binance', '1h', 1, 'moving_average_crossover', 1000, 1, 0.3, 0.3, 1);
INSERT INTO portfolios (user_id, total_cost, exchange) VALUES ('30', '1000', 'binance');
INSERT INTO balances (portfolio_id, asset, free, locked, total) VALUES ('30', 'ETH', 100.0, 0.0, 100.0);
INSERT INTO currency_pair_configs (user_id, currency_pair, exchange, `interval`, tradeable, strategy, `limit`, autotrade, stop_loss, take_profit, asset_allocation) VALUES ('31', 'STRATBTC', 'binance', '12h', 1, 'rsi', 1000, 1, 0.3, 0.3, 1);
INSERT INTO portfolios (user_id, total_cost, exchange) VALUES ('31', '1000', 'binance');
INSERT INTO balances (portfolio_id, asset, free, locked, total) VALUES ('31', 'BTC', 100.0, 0.0, 100.0);
INSERT INTO currency_pair_configs (user_id, currency_pair, exchange, `interval`, tradeable, strategy, `limit`, autotrade, stop_loss, take_profit, asset_allocation) VALUES ('32', 'STRATETH', 'binance', '12h', 1, 'macd', 1000, 1, 0.3, 0.3, 1);
INSERT INTO portfolios (user_id, total_cost, exchange) VALUES ('32', '1000', 'binance');
INSERT INTO balances (portfolio_id, asset, free, locked, total) VALUES ('32', 'ETH', 100.0, 0.0, 100.0);
INSERT INTO currency_pair_configs (user_id, currency_pair, exchange, `interval`, tradeable, strategy, `limit`, autotrade, stop_loss, take_profit, asset_allocation) VALUES ('33', 'SNGLSBTC', 'binance', '12h', 1, 'moving_average_crossover', 1000, 1, 0.3, 0.3, 1);
INSERT INTO portfolios (user_id, total_cost, exchange) VALUES ('33', '1000', 'binance');
INSERT INTO balances (portfolio_id, asset, free, locked, total) VALUES ('33', 'BTC', 100.0, 0.0, 100.0);
INSERT INTO currency_pair_configs (user_id, currency_pair, exchange, `interval`, tradeable, strategy, `limit`, autotrade, stop_loss, take_profit, asset_allocation) VALUES ('34', 'SNGLSETH', 'binance', '2h', 1, 'moving_average_crossover', 1000, 1, 0.3, 0.3, 1);
INSERT INTO portfolios (user_id, total_cost, exchange) VALUES ('34', '1000', 'binance');
INSERT INTO balances (portfolio_id, asset, free, locked, total) VALUES ('34', 'ETH', 100.0, 0.0, 100.0);
INSERT INTO currency_pair_configs (user_id, currency_pair, exchange, `interval`, tradeable, strategy, `limit`, autotrade, stop_loss, take_profit, asset_allocation) VALUES ('35', 'BQXBTC', 'binance', '1M', 1, 'macd', 1000, 1, 0.3, 0.3, 1);
INSERT INTO portfolios (user_id, total_cost, exchange) VALUES ('35', '1000', 'binance');
INSERT INTO balances (portfolio_id, asset, free, locked, total) VALUES ('35', 'BTC', 100.0, 0.0, 100.0);
INSERT INTO currency_pair_configs (user_id, currency_pair, exchange, `interval`, tradeable, strategy, `limit`, autotrade, stop_loss, take_profit, asset_allocation) VALUES ('36', 'BQXETH', 'binance', '12h', 1, 'macd_rsi', 1000, 1, 0.3, 0.3, 1);
INSERT INTO portfolios (user_id, total_cost, exchange) VALUES ('36', '1000', 'binance');
INSERT INTO balances (portfolio_id, asset, free, locked, total) VALUES ('36', 'ETH', 100.0, 0.0, 100.0);
INSERT INTO currency_pair_configs (user_id, currency_pair, exchange, `interval`, tradeable, strategy, `limit`, autotrade, stop_loss, take_profit, asset_allocation) VALUES ('37', 'KNCBTC', 'binance', '2h', 1, 'bollinger_bands', 1000, 1, 0.3, 0.3, 1);
INSERT INTO portfolios (user_id, total_cost, exchange) VALUES ('37', '1000', 'binance');
INSERT INTO balances (portfolio_id, asset, free, locked, total) VALUES ('37', 'BTC', 100.0, 0.0, 100.0);
INSERT INTO currency_pair_configs (user_id, currency_pair, exchange, `interval`, tradeable, strategy, `limit`, autotrade, stop_loss, take_profit, asset_allocation) VALUES ('38', 'KNCETH', 'binance', '5m', 1, 'bollinger_bands', 1000, 1, 0.3, 0.3, 1);
INSERT INTO portfolios (user_id, total_cost, exchange) VALUES ('38', '1000', 'binance');
INSERT INTO balances (portfolio_id, asset, free, locked, total) VALUES ('38', 'ETH', 100.0, 0.0, 100.0);
INSERT INTO currency_pair_configs (user_id, currency_pair, exchange, `interval`, tradeable, strategy, `limit`, autotrade, stop_loss, take_profit, asset_allocation) VALUES ('39', 'FUNBTC', 'binance', '8h', 1, 'macd_rsi', 1000, 1, 0.3, 0.3, 1);
INSERT INTO portfolios (user_id, total_cost, exchange) VALUES ('39', '1000', 'binance');
INSERT INTO balances (portfolio_id, asset, free, locked, total) VALUES ('39', 'BTC', 100.0, 0.0, 100.0);
INSERT INTO currency_pair_configs (user_id, currency_pair, exchange, `interval`, tradeable, strategy, `limit`, autotrade, stop_loss, take_profit, asset_allocation) VALUES ('40', 'FUNETH', 'binance', '2h', 1, 'macd_rsi', 1000, 1, 0.3, 0.3, 1);
INSERT INTO portfolios (user_id, total_cost, exchange) VALUES ('40', '1000', 'binance');
INSERT INTO balances (portfolio_id, asset, free, locked, total) VALUES ('40', 'ETH', 100.0, 0.0, 100.0);
INSERT INTO currency_pair_configs (user_id, currency_pair, exchange, `interval`, tradeable, strategy, `limit`, autotrade, stop_loss, take_profit, asset_allocation) VALUES ('41', 'SNMBTC', 'binance', '2h', 1, 'rsi', 1000, 1, 0.3, 0.3, 1);
INSERT INTO portfolios (user_id, total_cost, exchange) VALUES ('41', '1000', 'binance');
INSERT INTO balances (portfolio_id, asset, free, locked, total) VALUES ('41', 'BTC', 100.0, 0.0, 100.0);
INSERT INTO currency_pair_configs (user_id, currency_pair, exchange, `interval`, tradeable, strategy, `limit`, autotrade, stop_loss, take_profit, asset_allocation) VALUES ('42', 'SNMETH', 'binance', '1w', 1, 'williams_r', 1000, 1, 0.3, 0.3, 1);
INSERT INTO portfolios (user_id, total_cost, exchange) VALUES ('42', '1000', 'binance');
INSERT INTO balances (portfolio_id, asset, free, locked, total) VALUES ('42', 'ETH', 100.0, 0.0, 100.0);
INSERT INTO currency_pair_configs (user_id, currency_pair, exchange, `interval`, tradeable, strategy, `limit`, autotrade, stop_loss, take_profit, asset_allocation) VALUES ('43', 'NEOETH', 'binance', '1w', 1, 'williams_r', 1000, 1, 0.3, 0.3, 1);
INSERT INTO portfolios (user_id, total_cost, exchange) VALUES ('43', '1000', 'binance');
INSERT INTO balances (portfolio_id, asset, free, locked, total) VALUES ('43', 'ETH', 100.0, 0.0, 100.0);
INSERT INTO currency_pair_configs (user_id, currency_pair, exchange, `interval`, tradeable, strategy, `limit`, autotrade, stop_loss, take_profit, asset_allocation) VALUES ('44', 'IOTABTC', 'binance', '5m', 1, 'moving_average_crossover', 1000, 1, 0.3, 0.3, 1);
INSERT INTO portfolios (user_id, total_cost, exchange) VALUES ('44', '1000', 'binance');
INSERT INTO balances (portfolio_id, asset, free, locked, total) VALUES ('44', 'BTC', 100.0, 0.0, 100.0);
INSERT INTO currency_pair_configs (user_id, currency_pair, exchange, `interval`, tradeable, strategy, `limit`, autotrade, stop_loss, take_profit, asset_allocation) VALUES ('45', 'IOTAETH', 'binance', '1d', 1, 'rsi', 1000, 1, 0.3, 0.3, 1);
INSERT INTO portfolios (user_id, total_cost, exchange) VALUES ('45', '1000', 'binance');
INSERT INTO balances (portfolio_id, asset, free, locked, total) VALUES ('45', 'ETH', 100.0, 0.0, 100.0);
INSERT INTO currency_pair_configs (user_id, currency_pair, exchange, `interval`, tradeable, strategy, `limit`, autotrade, stop_loss, take_profit, asset_allocation) VALUES ('46', 'LINKBTC', 'binance', '1w', 1, 'williams_r', 1000, 1, 0.3, 0.3, 1);
INSERT INTO portfolios (user_id, total_cost, exchange) VALUES ('46', '1000', 'binance');
INSERT INTO balances (portfolio_id, asset, free, locked, total) VALUES ('46', 'BTC', 100.0, 0.0, 100.0);
INSERT INTO currency_pair_configs (user_id, currency_pair, exchange, `interval`, tradeable, strategy, `limit`, autotrade, stop_loss, take_profit, asset_allocation) VALUES ('47', 'LINKETH', 'binance', '1M', 1, 'stochastic_oscillator', 1000, 1, 0.3, 0.3, 1);
INSERT INTO portfolios (user_id, total_cost, exchange) VALUES ('47', '1000', 'binance');
INSERT INTO balances (portfolio_id, asset, free, locked, total) VALUES ('47', 'ETH', 100.0, 0.0, 100.0);
INSERT INTO currency_pair_configs (user_id, currency_pair, exchange, `interval`, tradeable, strategy, `limit`, autotrade, stop_loss, take_profit, asset_allocation) VALUES ('48', 'XVGBTC', 'binance', '2h', 1, 'stochastic_oscillator', 1000, 1, 0.3, 0.3, 1);
INSERT INTO portfolios (user_id, total_cost, exchange) VALUES ('48', '1000', 'binance');
INSERT INTO balances (portfolio_id, asset, free, locked, total) VALUES ('48', 'BTC', 100.0, 0.0, 100.0);
INSERT INTO currency_pair_configs (user_id, currency_pair, exchange, `interval`, tradeable, strategy, `limit`, autotrade, stop_loss, take_profit, asset_allocation) VALUES ('49', 'XVGETH', 'binance', '8h', 1, 'moving_average_crossover', 1000, 1, 0.3, 0.3, 1);
INSERT INTO portfolios (user_id, total_cost, exchange) VALUES ('49', '1000', 'binance');
INSERT INTO balances (portfolio_id, asset, free, locked, total) VALUES ('49', 'ETH', 100.0, 0.0, 100.0);
INSERT INTO currency_pair_configs (user_id, currency_pair, exchange, `interval`, tradeable, strategy, `limit`, autotrade, stop_loss, take_profit, asset_allocation) VALUES ('50', 'SALTBTC', 'binance', '8h', 1, 'moving_average_crossover', 1000, 1, 0.3, 0.3, 1);
INSERT INTO portfolios (user_id, total_cost, exchange) VALUES ('50', '1000', 'binance');
INSERT INTO balances (portfolio_id, asset, free, locked, total) VALUES ('50', 'BTC', 100.0, 0.0, 100.0);
INSERT INTO currency_pair_configs (user_id, currency_pair, exchange, `interval`, tradeable, strategy, `limit`, autotrade, stop_loss, take_profit, asset_allocation) VALUES ('51', 'SALTETH', 'binance', '6h', 1, 'rsi', 1000, 1, 0.3, 0.3, 1);
INSERT INTO portfolios (user_id, total_cost, exchange) VALUES ('51', '1000', 'binance');
INSERT INTO balances (portfolio_id, asset, free, locked, total) VALUES ('51', 'ETH', 100.0, 0.0, 100.0);
INSERT INTO currency_pair_configs (user_id, currency_pair, exchange, `interval`, tradeable, strategy, `limit`, autotrade, stop_loss, take_profit, asset_allocation) VALUES ('52', 'MDABTC', 'binance', '1M', 1, 'macd_rsi', 1000, 1, 0.3, 0.3, 1);
INSERT INTO portfolios (user_id, total_cost, exchange) VALUES ('52', '1000', 'binance');
INSERT INTO balances (portfolio_id, asset, free, locked, total) VALUES ('52', 'BTC', 100.0, 0.0, 100.0);
INSERT INTO currency_pair_configs (user_id, currency_pair, exchange, `interval`, tradeable, strategy, `limit`, autotrade, stop_loss, take_profit, asset_allocation) VALUES ('53', 'MDAETH', 'binance', '4h', 1, 'macd_rsi', 1000, 1, 0.3, 0.3, 1);
INSERT INTO portfolios (user_id, total_cost, exchange) VALUES ('53', '1000', 'binance');
INSERT INTO balances (portfolio_id, asset, free, locked, total) VALUES ('53', 'ETH', 100.0, 0.0, 100.0);
INSERT INTO currency_pair_configs (user_id, currency_pair, exchange, `interval`, tradeable, strategy, `limit`, autotrade, stop_loss, take_profit, asset_allocation) VALUES ('54', 'MTLBTC', 'binance', '15m', 1, 'macd_rsi', 1000, 1, 0.3, 0.3, 1);
INSERT INTO portfolios (user_id, total_cost, exchange) VALUES ('54', '1000', 'binance');
INSERT INTO balances (portfolio_id, asset, free, locked, total) VALUES ('54', 'BTC', 100.0, 0.0, 100.0);
INSERT INTO currency_pair_configs (user_id, currency_pair, exchange, `interval`, tradeable, strategy, `limit`, autotrade, stop_loss, take_profit, asset_allocation) VALUES ('55', 'MTLETH', 'binance', '15m', 1, 'rsi', 1000, 1, 0.3, 0.3, 1);
INSERT INTO portfolios (user_id, total_cost, exchange) VALUES ('55', '1000', 'binance');
INSERT INTO balances (portfolio_id, asset, free, locked, total) VALUES ('55', 'ETH', 100.0, 0.0, 100.0);
INSERT INTO currency_pair_configs (user_id, currency_pair, exchange, `interval`, tradeable, strategy, `limit`, autotrade, stop_loss, take_profit, asset_allocation) VALUES ('56', 'SUBBTC', 'binance', '30m', 1, 'bollinger_bands', 1000, 1, 0.3, 0.3, 1);
INSERT INTO portfolios (user_id, total_cost, exchange) VALUES ('56', '1000', 'binance');
INSERT INTO balances (portfolio_id, asset, free, locked, total) VALUES ('56', 'BTC', 100.0, 0.0, 100.0);
INSERT INTO currency_pair_configs (user_id, currency_pair, exchange, `interval`, tradeable, strategy, `limit`, autotrade, stop_loss, take_profit, asset_allocation) VALUES ('57', 'SUBETH', 'binance', '1w', 1, 'macd_rsi', 1000, 1, 0.3, 0.3, 1);
INSERT INTO portfolios (user_id, total_cost, exchange) VALUES ('57', '1000', 'binance');
INSERT INTO balances (portfolio_id, asset, free, locked, total) VALUES ('57', 'ETH', 100.0, 0.0, 100.0);
INSERT INTO currency_pair_configs (user_id, currency_pair, exchange, `interval`, tradeable, strategy, `limit`, autotrade, stop_loss, take_profit, asset_allocation) VALUES ('58', 'EOSBTC', 'binance', '4h', 1, 'macd_rsi', 1000, 1, 0.3, 0.3, 1);
INSERT INTO portfolios (user_id, total_cost, exchange) VALUES ('58', '1000', 'binance');
INSERT INTO balances (portfolio_id, asset, free, locked, total) VALUES ('58', 'BTC', 100.0, 0.0, 100.0);
INSERT INTO currency_pair_configs (user_id, currency_pair, exchange, `interval`, tradeable, strategy, `limit`, autotrade, stop_loss, take_profit, asset_allocation) VALUES ('59', 'SNTBTC', 'binance', '6h', 1, 'stochastic_oscillator', 1000, 1, 0.3, 0.3, 1);
INSERT INTO portfolios (user_id, total_cost, exchange) VALUES ('59', '1000', 'binance');
INSERT INTO balances (portfolio_id, asset, free, locked, total) VALUES ('59', 'BTC', 100.0, 0.0, 100.0);
INSERT INTO currency_pair_configs (user_id, currency_pair, exchange, `interval`, tradeable, strategy, `limit`, autotrade, stop_loss, take_profit, asset_allocation) VALUES ('60', 'ETCETH', 'binance', '1M', 1, 'stochastic_oscillator', 1000, 1, 0.3, 0.3, 1);
INSERT INTO portfolios (user_id, total_cost, exchange) VALUES ('60', '1000', 'binance');
INSERT INTO balances (portfolio_id, asset, free, locked, total) VALUES ('60', 'ETH', 100.0, 0.0, 100.0);
INSERT INTO currency_pair_configs (user_id, currency_pair, exchange, `interval`, tradeable, strategy, `limit`, autotrade, stop_loss, take_profit, asset_allocation) VALUES ('61', 'ETCBTC', 'binance', '15m', 1, 'rsi', 1000, 1, 0.3, 0.3, 1);
INSERT INTO portfolios (user_id, total_cost, exchange) VALUES ('61', '1000', 'binance');
INSERT INTO balances (portfolio_id, asset, free, locked, total) VALUES ('61', 'BTC', 100.0, 0.0, 100.0);
INSERT INTO currency_pair_configs (user_id, currency_pair, exchange, `interval`, tradeable, strategy, `limit`, autotrade, stop_loss, take_profit, asset_allocation) VALUES ('62', 'MTHBTC', 'binance', '1d', 1, 'macd', 1000, 1, 0.3, 0.3, 1);
INSERT INTO portfolios (user_id, total_cost, exchange) VALUES ('62', '1000', 'binance');
INSERT INTO balances (portfolio_id, asset, free, locked, total) VALUES ('62', 'BTC', 100.0, 0.0, 100.0);
INSERT INTO currency_pair_configs (user_id, currency_pair, exchange, `interval`, tradeable, strategy, `limit`, autotrade, stop_loss, take_profit, asset_allocation) VALUES ('63', 'MTHETH', 'binance', '1M', 1, 'moving_average_crossover', 1000, 1, 0.3, 0.3, 1);
INSERT INTO portfolios (user_id, total_cost, exchange) VALUES ('63', '1000', 'binance');
INSERT INTO balances (portfolio_id, asset, free, locked, total) VALUES ('63', 'ETH', 100.0, 0.0, 100.0);
INSERT INTO currency_pair_configs (user_id, currency_pair, exchange, `interval`, tradeable, strategy, `limit`, autotrade, stop_loss, take_profit, asset_allocation) VALUES ('64', 'ENGBTC', 'binance', '1M', 1, 'stochastic_oscillator', 1000, 1, 0.3, 0.3, 1);
INSERT INTO portfolios (user_id, total_cost, exchange) VALUES ('64', '1000', 'binance');
INSERT INTO balances (portfolio_id, asset, free, locked, total) VALUES ('64', 'BTC', 100.0, 0.0, 100.0);
INSERT INTO currency_pair_configs (user_id, currency_pair, exchange, `interval`, tradeable, strategy, `limit`, autotrade, stop_loss, take_profit, asset_allocation) VALUES ('65', 'ENGETH', 'binance', '1M', 1, 'moving_average_crossover', 1000, 1, 0.3, 0.3, 1);
INSERT INTO portfolios (user_id, total_cost, exchange) VALUES ('65', '1000', 'binance');
INSERT INTO balances (portfolio_id, asset, free, locked, total) VALUES ('65', 'ETH', 100.0, 0.0, 100.0);
INSERT INTO currency_pair_configs (user_id, currency_pair, exchange, `interval`, tradeable, strategy, `limit`, autotrade, stop_loss, take_profit, asset_allocation) VALUES ('66', 'DNTBTC', 'binance', '5m', 1, 'macd_rsi', 1000, 1, 0.3, 0.3, 1);
INSERT INTO portfolios (user_id, total_cost, exchange) VALUES ('66', '1000', 'binance');
INSERT INTO balances (portfolio_id, asset, free, locked, total) VALUES ('66', 'BTC', 100.0, 0.0, 100.0);
INSERT INTO currency_pair_configs (user_id, currency_pair, exchange, `interval`, tradeable, strategy, `limit`, autotrade, stop_loss, take_profit, asset_allocation) VALUES ('67', 'ZECBTC', 'binance', '3m', 1, 'macd_rsi', 1000, 1, 0.3, 0.3, 1);
INSERT INTO portfolios (user_id, total_cost, exchange) VALUES ('67', '1000', 'binance');
INSERT INTO balances (portfolio_id, asset, free, locked, total) VALUES ('67', 'BTC', 100.0, 0.0, 100.0);
INSERT INTO currency_pair_configs (user_id, currency_pair, exchange, `interval`, tradeable, strategy, `limit`, autotrade, stop_loss, take_profit, asset_allocation) VALUES ('68', 'ZECETH', 'binance', '1m', 1, 'moving_average_crossover', 1000, 1, 0.3, 0.3, 1);
INSERT INTO portfolios (user_id, total_cost, exchange) VALUES ('68', '1000', 'binance');
INSERT INTO balances (portfolio_id, asset, free, locked, total) VALUES ('68', 'ETH', 100.0, 0.0, 100.0);
INSERT INTO currency_pair_configs (user_id, currency_pair, exchange, `interval`, tradeable, strategy, `limit`, autotrade, stop_loss, take_profit, asset_allocation) VALUES ('69', 'BNTBTC', 'binance', '6h', 1, 'macd_rsi', 1000, 1, 0.3, 0.3, 1);
INSERT INTO portfolios (user_id, total_cost, exchange) VALUES ('69', '1000', 'binance');
INSERT INTO balances (portfolio_id, asset, free, locked, total) VALUES ('69', 'BTC', 100.0, 0.0, 100.0);
INSERT INTO currency_pair_configs (user_id, currency_pair, exchange, `interval`, tradeable, strategy, `limit`, autotrade, stop_loss, take_profit, asset_allocation) VALUES ('70', 'ASTBTC', 'binance', '4h', 1, 'moving_average_crossover', 1000, 1, 0.3, 0.3, 1);
INSERT INTO portfolios (user_id, total_cost, exchange) VALUES ('70', '1000', 'binance');
INSERT INTO balances (portfolio_id, asset, free, locked, total) VALUES ('70', 'BTC', 100.0, 0.0, 100.0);
INSERT INTO currency_pair_configs (user_id, currency_pair, exchange, `interval`, tradeable, strategy, `limit`, autotrade, stop_loss, take_profit, asset_allocation) VALUES ('71', 'ASTETH', 'binance', '2h', 1, 'bollinger_bands', 1000, 1, 0.3, 0.3, 1);
INSERT INTO portfolios (user_id, total_cost, exchange) VALUES ('71', '1000', 'binance');
INSERT INTO balances (portfolio_id, asset, free, locked, total) VALUES ('71', 'ETH', 100.0, 0.0, 100.0);
INSERT INTO currency_pair_configs (user_id, currency_pair, exchange, `interval`, tradeable, strategy, `limit`, autotrade, stop_loss, take_profit, asset_allocation) VALUES ('72', 'DASHBTC', 'binance', '1d', 1, 'rsi', 1000, 1, 0.3, 0.3, 1);
INSERT INTO portfolios (user_id, total_cost, exchange) VALUES ('72', '1000', 'binance');
INSERT INTO balances (portfolio_id, asset, free, locked, total) VALUES ('72', 'BTC', 100.0, 0.0, 100.0);
INSERT INTO currency_pair_configs (user_id, currency_pair, exchange, `interval`, tradeable, strategy, `limit`, autotrade, stop_loss, take_profit, asset_allocation) VALUES ('73', 'DASHETH', 'binance', '1M', 1, 'rsi', 1000, 1, 0.3, 0.3, 1);
INSERT INTO portfolios (user_id, total_cost, exchange) VALUES ('73', '1000', 'binance');
INSERT INTO balances (portfolio_id, asset, free, locked, total) VALUES ('73', 'ETH', 100.0, 0.0, 100.0);
INSERT INTO currency_pair_configs (user_id, currency_pair, exchange, `interval`, tradeable, strategy, `limit`, autotrade, stop_loss, take_profit, asset_allocation) VALUES ('74', 'OAXBTC', 'binance', '12h', 1, 'stochastic_oscillator', 1000, 1, 0.3, 0.3, 1);
INSERT INTO portfolios (user_id, total_cost, exchange) VALUES ('74', '1000', 'binance');
INSERT INTO balances (portfolio_id, asset, free, locked, total) VALUES ('74', 'BTC', 100.0, 0.0, 100.0);
INSERT INTO currency_pair_configs (user_id, currency_pair, exchange, `interval`, tradeable, strategy, `limit`, autotrade, stop_loss, take_profit, asset_allocation) VALUES ('75', 'ICNBTC', 'binance', '1M', 1, 'williams_r', 1000, 1, 0.3, 0.3, 1);
INSERT INTO portfolios (user_id, total_cost, exchange) VALUES ('75', '1000', 'binance');
INSERT INTO balances (portfolio_id, asset, free, locked, total) VALUES ('75', 'BTC', 100.0, 0.0, 100.0);
INSERT INTO currency_pair_configs (user_id, currency_pair, exchange, `interval`, tradeable, strategy, `limit`, autotrade, stop_loss, take_profit, asset_allocation) VALUES ('76', 'BTGBTC', 'binance', '12h', 1, 'stochastic_oscillator', 1000, 1, 0.3, 0.3, 1);
INSERT INTO portfolios (user_id, total_cost, exchange) VALUES ('76', '1000', 'binance');
INSERT INTO balances (portfolio_id, asset, free, locked, total) VALUES ('76', 'BTC', 100.0, 0.0, 100.0);
INSERT INTO currency_pair_configs (user_id, currency_pair, exchange, `interval`, tradeable, strategy, `limit`, autotrade, stop_loss, take_profit, asset_allocation) VALUES ('77', 'BTGETH', 'binance', '15m', 1, 'bollinger_bands', 1000, 1, 0.3, 0.3, 1);
INSERT INTO portfolios (user_id, total_cost, exchange) VALUES ('77', '1000', 'binance');
INSERT INTO balances (portfolio_id, asset, free, locked, total) VALUES ('77', 'ETH', 100.0, 0.0, 100.0);
INSERT INTO currency_pair_configs (user_id, currency_pair, exchange, `interval`, tradeable, strategy, `limit`, autotrade, stop_loss, take_profit, asset_allocation) VALUES ('78', 'EVXBTC', 'binance', '2h', 1, 'macd', 1000, 1, 0.3, 0.3, 1);
INSERT INTO portfolios (user_id, total_cost, exchange) VALUES ('78', '1000', 'binance');
INSERT INTO balances (portfolio_id, asset, free, locked, total) VALUES ('78', 'BTC', 100.0, 0.0, 100.0);
INSERT INTO currency_pair_configs (user_id, currency_pair, exchange, `interval`, tradeable, strategy, `limit`, autotrade, stop_loss, take_profit, asset_allocation) VALUES ('79', 'EVXETH', 'binance', '30m', 1, 'stochastic_oscillator', 1000, 1, 0.3, 0.3, 1);
INSERT INTO portfolios (user_id, total_cost, exchange) VALUES ('79', '1000', 'binance');
INSERT INTO balances (portfolio_id, asset, free, locked, total) VALUES ('79', 'ETH', 100.0, 0.0, 100.0);
INSERT INTO currency_pair_configs (user_id, currency_pair, exchange, `interval`, tradeable, strategy, `limit`, autotrade, stop_loss, take_profit, asset_allocation) VALUES ('80', 'REQBTC', 'binance', '2h', 1, 'moving_average_crossover', 1000, 1, 0.3, 0.3, 1);
INSERT INTO portfolios (user_id, total_cost, exchange) VALUES ('80', '1000', 'binance');
INSERT INTO balances (portfolio_id, asset, free, locked, total) VALUES ('80', 'BTC', 100.0, 0.0, 100.0);
INSERT INTO currency_pair_configs (user_id, currency_pair, exchange, `interval`, tradeable, strategy, `limit`, autotrade, stop_loss, take_profit, asset_allocation) VALUES ('81', 'REQETH', 'binance', '2h', 1, 'macd', 1000, 1, 0.3, 0.3, 1);
INSERT INTO portfolios (user_id, total_cost, exchange) VALUES ('81', '1000', 'binance');
INSERT INTO balances (portfolio_id, asset, free, locked, total) VALUES ('81', 'ETH', 100.0, 0.0, 100.0);
INSERT INTO currency_pair_configs (user_id, currency_pair, exchange, `interval`, tradeable, strategy, `limit`, autotrade, stop_loss, take_profit, asset_allocation) VALUES ('82', 'VIBBTC', 'binance', '4h', 1, 'macd_rsi', 1000, 1, 0.3, 0.3, 1);
INSERT INTO portfolios (user_id, total_cost, exchange) VALUES ('82', '1000', 'binance');
INSERT INTO balances (portfolio_id, asset, free, locked, total) VALUES ('82', 'BTC', 100.0, 0.0, 100.0);
INSERT INTO currency_pair_configs (user_id, currency_pair, exchange, `interval`, tradeable, strategy, `limit`, autotrade, stop_loss, take_profit, asset_allocation) VALUES ('83', 'VIBETH', 'binance', '15m', 1, 'stochastic_oscillator', 1000, 1, 0.3, 0.3, 1);
INSERT INTO portfolios (user_id, total_cost, exchange) VALUES ('83', '1000', 'binance');
INSERT INTO balances (portfolio_id, asset, free, locked, total) VALUES ('83', 'ETH', 100.0, 0.0, 100.0);
INSERT INTO currency_pair_configs (user_id, currency_pair, exchange, `interval`, tradeable, strategy, `limit`, autotrade, stop_loss, take_profit, asset_allocation) VALUES ('84', 'HSRETH', 'binance', '5m', 1, 'rsi', 1000, 1, 0.3, 0.3, 1);
INSERT INTO portfolios (user_id, total_cost, exchange) VALUES ('84', '1000', 'binance');
INSERT INTO balances (portfolio_id, asset, free, locked, total) VALUES ('84', 'ETH', 100.0, 0.0, 100.0);
INSERT INTO currency_pair_configs (user_id, currency_pair, exchange, `interval`, tradeable, strategy, `limit`, autotrade, stop_loss, take_profit, asset_allocation) VALUES ('85', 'TRXBTC', 'binance', '8h', 1, 'williams_r', 1000, 1, 0.3, 0.3, 1);
INSERT INTO portfolios (user_id, total_cost, exchange) VALUES ('85', '1000', 'binance');
INSERT INTO balances (portfolio_id, asset, free, locked, total) VALUES ('85', 'BTC', 100.0, 0.0, 100.0);
INSERT INTO currency_pair_configs (user_id, currency_pair, exchange, `interval`, tradeable, strategy, `limit`, autotrade, stop_loss, take_profit, asset_allocation) VALUES ('86', 'TRXETH', 'binance', '5m', 1, 'macd', 1000, 1, 0.3, 0.3, 1);
INSERT INTO portfolios (user_id, total_cost, exchange) VALUES ('86', '1000', 'binance');
INSERT INTO balances (portfolio_id, asset, free, locked, total) VALUES ('86', 'ETH', 100.0, 0.0, 100.0);
INSERT INTO currency_pair_configs (user_id, currency_pair, exchange, `interval`, tradeable, strategy, `limit`, autotrade, stop_loss, take_profit, asset_allocation) VALUES ('87', 'POWRBTC', 'binance', '3m', 1, 'williams_r', 1000, 1, 0.3, 0.3, 1);
INSERT INTO portfolios (user_id, total_cost, exchange) VALUES ('87', '1000', 'binance');
INSERT INTO balances (portfolio_id, asset, free, locked, total) VALUES ('87', 'BTC', 100.0, 0.0, 100.0);
INSERT INTO currency_pair_configs (user_id, currency_pair, exchange, `interval`, tradeable, strategy, `limit`, autotrade, stop_loss, take_profit, asset_allocation) VALUES ('88', 'POWRETH', 'binance', '1w', 1, 'bollinger_bands', 1000, 1, 0.3, 0.3, 1);
INSERT INTO portfolios (user_id, total_cost, exchange) VALUES ('88', '1000', 'binance');
INSERT INTO balances (portfolio_id, asset, free, locked, total) VALUES ('88', 'ETH', 100.0, 0.0, 100.0);
INSERT INTO currency_pair_configs (user_id, currency_pair, exchange, `interval`, tradeable, strategy, `limit`, autotrade, stop_loss, take_profit, asset_allocation) VALUES ('89', 'ARKBTC', 'binance', '1w', 1, 'macd_rsi', 1000, 1, 0.3, 0.3, 1);
INSERT INTO portfolios (user_id, total_cost, exchange) VALUES ('89', '1000', 'binance');
INSERT INTO balances (portfolio_id, asset, free, locked, total) VALUES ('89', 'BTC', 100.0, 0.0, 100.0);
INSERT INTO currency_pair_configs (user_id, currency_pair, exchange, `interval`, tradeable, strategy, `limit`, autotrade, stop_loss, take_profit, asset_allocation) VALUES ('90', 'ARKETH', 'binance', '1d', 1, 'rsi', 1000, 1, 0.3, 0.3, 1);
INSERT INTO portfolios (user_id, total_cost, exchange) VALUES ('90', '1000', 'binance');
INSERT INTO balances (portfolio_id, asset, free, locked, total) VALUES ('90', 'ETH', 100.0, 0.0, 100.0);
INSERT INTO currency_pair_configs (user_id, currency_pair, exchange, `interval`, tradeable, strategy, `limit`, autotrade, stop_loss, take_profit, asset_allocation) VALUES ('91', 'YOYOWETH', 'binance', '1m', 1, 'moving_average_crossover', 1000, 1, 0.3, 0.3, 1);
INSERT INTO portfolios (user_id, total_cost, exchange) VALUES ('91', '1000', 'binance');
INSERT INTO balances (portfolio_id, asset, free, locked, total) VALUES ('91', 'ETH', 100.0, 0.0, 100.0);
INSERT INTO currency_pair_configs (user_id, currency_pair, exchange, `interval`, tradeable, strategy, `limit`, autotrade, stop_loss, take_profit, asset_allocation) VALUES ('92', 'XRPBTC', 'binance', '6h', 1, 'bollinger_bands', 1000, 1, 0.3, 0.3, 1);
INSERT INTO portfolios (user_id, total_cost, exchange) VALUES ('92', '1000', 'binance');
INSERT INTO balances (portfolio_id, asset, free, locked, total) VALUES ('92', 'BTC', 100.0, 0.0, 100.0);
INSERT INTO currency_pair_configs (user_id, currency_pair, exchange, `interval`, tradeable, strategy, `limit`, autotrade, stop_loss, take_profit, asset_allocation) VALUES ('93', 'XRPETH', 'binance', '1w', 1, 'stochastic_oscillator', 1000, 1, 0.3, 0.3, 1);
INSERT INTO portfolios (user_id, total_cost, exchange) VALUES ('93', '1000', 'binance');
INSERT INTO balances (portfolio_id, asset, free, locked, total) VALUES ('93', 'ETH', 100.0, 0.0, 100.0);
INSERT INTO currency_pair_configs (user_id, currency_pair, exchange, `interval`, tradeable, strategy, `limit`, autotrade, stop_loss, take_profit, asset_allocation) VALUES ('94', 'MODBTC', 'binance', '1d', 1, 'bollinger_bands', 1000, 1, 0.3, 0.3, 1);
INSERT INTO portfolios (user_id, total_cost, exchange) VALUES ('94', '1000', 'binance');
INSERT INTO balances (portfolio_id, asset, free, locked, total) VALUES ('94', 'BTC', 100.0, 0.0, 100.0);
INSERT INTO currency_pair_configs (user_id, currency_pair, exchange, `interval`, tradeable, strategy, `limit`, autotrade, stop_loss, take_profit, asset_allocation) VALUES ('95', 'MODETH', 'binance', '1d', 1, 'williams_r', 1000, 1, 0.3, 0.3, 1);
INSERT INTO portfolios (user_id, total_cost, exchange) VALUES ('95', '1000', 'binance');
INSERT INTO balances (portfolio_id, asset, free, locked, total) VALUES ('95', 'ETH', 100.0, 0.0, 100.0);
INSERT INTO currency_pair_configs (user_id, currency_pair, exchange, `interval`, tradeable, strategy, `limit`, autotrade, stop_loss, take_profit, asset_allocation) VALUES ('96', 'ENJBTC', 'binance', '1d', 1, 'bollinger_bands', 1000, 1, 0.3, 0.3, 1);
INSERT INTO portfolios (user_id, total_cost, exchange) VALUES ('96', '1000', 'binance');
INSERT INTO balances (portfolio_id, asset, free, locked, total) VALUES ('96', 'BTC', 100.0, 0.0, 100.0);
INSERT INTO currency_pair_configs (user_id, currency_pair, exchange, `interval`, tradeable, strategy, `limit`, autotrade, stop_loss, take_profit, asset_allocation) VALUES ('97', 'ENJETH', 'binance', '1M', 1, 'stochastic_oscillator', 1000, 1, 0.3, 0.3, 1);
INSERT INTO portfolios (user_id, total_cost, exchange) VALUES ('97', '1000', 'binance');
INSERT INTO balances (portfolio_id, asset, free, locked, total) VALUES ('97', 'ETH', 100.0, 0.0, 100.0);
INSERT INTO currency_pair_configs (user_id, currency_pair, exchange, `interval`, tradeable, strategy, `limit`, autotrade, stop_loss, take_profit, asset_allocation) VALUES ('98', 'STORJBTC', 'binance', '3m', 1, 'moving_average_crossover', 1000, 1, 0.3, 0.3, 1);
INSERT INTO portfolios (user_id, total_cost, exchange) VALUES ('98', '1000', 'binance');
INSERT INTO balances (portfolio_id, asset, free, locked, total) VALUES ('98', 'BTC', 100.0, 0.0, 100.0);
INSERT INTO currency_pair_configs (user_id, currency_pair, exchange, `interval`, tradeable, strategy, `limit`, autotrade, stop_loss, take_profit, asset_allocation) VALUES ('99', 'STORJETH', 'binance', '1m', 1, 'macd', 1000, 1, 0.3, 0.3, 1);
INSERT INTO portfolios (user_id, total_cost, exchange) VALUES ('99', '1000', 'binance');
INSERT INTO balances (portfolio_id, asset, free, locked, total) VALUES ('99', 'ETH', 100.0, 0.0, 100.0);
INSERT INTO currency_pair_configs (user_id, currency_pair, exchange, `interval`, tradeable, strategy, `limit`, autotrade, stop_loss, take_profit, asset_allocation) VALUES ('100', 'BNBUSDT', 'binance', '1h', 1, 'rsi', 1000, 1, 0.3, 0.3, 1);
INSERT INTO portfolios (user_id, total_cost, exchange) VALUES ('100', '1000', 'binance');
INSERT INTO balances (portfolio_id, asset, free, locked, total) VALUES ('100', 'USDT', 100.0, 0.0, 100.0);
INSERT INTO currency_pair_configs (user_id, currency_pair, exchange, `interval`, tradeable, strategy, `limit`, autotrade, stop_loss, take_profit, asset_allocation) VALUES ('101', 'VENBNB', 'binance', '1m', 1, 'williams_r', 1000, 1, 0.3, 0.3, 1);
INSERT INTO portfolios (user_id, total_cost, exchange) VALUES ('101', '1000', 'binance');
INSERT INTO balances (portfolio_id, asset, free, locked, total) VALUES ('101', 'BNB', 100.0, 0.0, 100.0);
INSERT INTO currency_pair_configs (user_id, currency_pair, exchange, `interval`, tradeable, strategy, `limit`, autotrade, stop_loss, take_profit, asset_allocation) VALUES ('102', 'YOYOWBNB', 'binance', '8h', 1, 'macd_rsi', 1000, 1, 0.3, 0.3, 1);
INSERT INTO portfolios (user_id, total_cost, exchange) VALUES ('102', '1000', 'binance');
INSERT INTO balances (portfolio_id, asset, free, locked, total) VALUES ('102', 'BNB', 100.0, 0.0, 100.0);
