,open,high,low,close
2023-05-01 00:00:00,105.9402119469781,109.22714064997345,105.7589989610984,107.68237364698209
2023-05-01 00:01:00,103.05162073052674,103.6527468492601,101.97643308503478,102.3203832217892
2023-05-01 00:02:00,96.66426879000717,98.25219744819243,95.91163517654003,98.118569004982
2023-05-01 00:03:00,89.67499365150212,92.21099760532942,87.67936281143618,91.14849333848606
2023-05-01 00:04:00,90.06455690102922,91.36067303511665,89.09711572279505,89.30279744770026
2023-05-01 00:05:00,85.95756659142518,86.0455236271181,84.8843915402112,85.41118751272556
2023-05-01 00:06:00,82.75509818616898,83.86190059026154,81.78359807823848,83.55493679816179
2023-05-01 00:07:00,85.52141230414512,87.47230851033015,84.66202662530581,86.98578207526135
2023-05-01 00:08:00,87.27951497481462,87.90194386468723,87.17614373218866,87.58531238736215
2023-05-01 00:09:00,87.09253797733844,89.9054825023789,86.67931793723436,87.70757139389384
2023-05-01 00:10:00,86.46666440797709,88.88886735117099,86.22667978793777,88.69112407003824
2023-05-01 00:11:00,84.73286287318349,85.90216045999826,84.23889028431071,84.93476981301013
2023-05-01 00:12:00,88.99659539393159,89.04572093915354,88.18465711618374,88.55352360850372
2023-05-01 00:13:00,86.96957040727675,87.36378253964473,86.26567078540253,86.42907732737072
2023-05-01 00:14:00,88.59256990481147,91.8745230597433,86.8366494659334,86.91389673695842
2023-05-01 00:15:00,88.70581473733901,89.34993334190636,87.52752751296859,87.82645695896271
2023-05-01 00:16:00,86.85020299329699,87.04599443287759,86.12861901248465,86.71168057696933
2023-05-01 00:17:00,86.24902447770614,87.24723007538374,85.63409083763561,87.16340649708982
2023-05-01 00:18:00,85.33860652633916,86.40771707725993,85.22832275218497,85.40633796700075
2023-05-01 00:19:00,76.46171357328687,77.4713565323092,74.52592704275052,75.5822843612959
2023-05-01 00:20:00,72.45929123178017,72.88551595315724,71.35454790993427,71.81712127749155
2023-05-01 00:21:00,75.67135757911359,77.20712669875161,74.08266728140536,74.33578692490612
2023-05-01 00:22:00,75.27825950988753,75.95314557720945,75.02842454577687,75.92092352122482
2023-05-01 00:23:00,71.91099725730231,73.96152312080507,71.05211318143826,72.84079692781954
2023-05-01 00:24:00,77.70754617683212,77.72366095792475,76.65669781459364,76.77072495832235
2023-05-01 00:25:00,80.71062267020017,82.00156014183761,80.03402244362353,81.98717296497446
2023-05-01 00:26:00,78.59627695527207,79.06506232155394,76.73736431654143,77.78378601911824
2023-05-01 00:27:00,80.35603444410158,80.89298468222306,79.44561510482183,79.97191790969251
2023-05-01 00:28:00,78.48774959472283,80.29887500440904,76.3797063297382,77.32610715830177
2023-05-01 00:29:00,75.75621686707044,77.62311036130848,75.41772608818884,76.69687440374462
2023-05-01 00:30:00,75.56748918522013,76.56745138003143,73.72176229180116,74.79831553138
2023-05-01 00:31:00,81.61548180576813,81.67833790734002,81.08494199141037,81.49773804477715
2023-05-01 00:32:00,83.88883172734688,84.2634827897108,82.94760936909539,83.2455702928989
2023-05-01 00:33:00,80.50253093110042,80.70642053391029,78.97542563860961,79.58475026870143
2023-05-01 00:34:00,79.89253988857224,81.02935439778948,79.87531703697717,80.86026594476068
2023-05-01 00:35:00,83.04006675824792,84.36537877705605,82.54314754295041,83.94064245681639
2023-05-01 00:36:00,87.7649507429297,89.75538719148061,87.39415808224355,88.9191078158061
2023-05-01 00:37:00,86.4151920968168,88.71728449544729,85.57710275175575,86.87672641975361
2023-05-01 00:38:00,88.50672413108443,89.1125048363743,88.20868089493585,88.52694227473214
2023-05-01 00:39:00,91.92769067976141,92.2658892267536,89.85498017947181,90.07727245891047
2023-05-01 00:40:00,93.42409728744697,94.40419324009315,90.85828547247098,92.23293338416454
2023-05-01 00:41:00,92.59136444476407,93.01565249072144,90.74341804939944,92.62413364330288
2023-05-01 00:42:00,87.62041722069107,90.02758778096482,86.93970070446602,88.89303872850347
2023-05-01 00:43:00,79.39753724621241,80.09158848240239,78.8300636278066,79.34113324409789
2023-05-01 00:44:00,81.42618717159267,82.0272510645372,80.73543900160121,81.52861457234653
2023-05-01 00:45:00,83.01342546430097,84.88966304157009,82.79376734848678,84.27933212001102
2023-05-01 00:46:00,87.93658351914605,88.17152547913787,86.66500809739472,87.27143694847418
2023-05-01 00:47:00,86.09580983141107,86.50970879783758,85.34853240695688,85.98229014227049
2023-05-01 00:48:00,87.03798766098029,87.9260135406882,85.14869076742346,86.12089513221714
2023-05-01 00:49:00,90.42132248172545,92.25691905678886,89.45564722130473,91.06879337713589
2023-05-01 00:50:00,98.65645560843703,100.70873649217098,96.82664932712623,99.40491458138662
2023-05-01 00:51:00,83.93094135331752,85.051298116384,83.73913275111546,84.31662218304501
2023-05-01 00:52:00,87.25930671818342,87.42963751261591,84.44645669521637,85.55782358528612
2023-05-01 00:53:00,90.11877461744427,92.52746606622972,89.56548195257851,90.76842502840042
2023-05-01 00:54:00,89.79444481793723,90.23665547353744,89.55584131721164,89.96748523192761
2023-05-01 00:55:00,87.04875337939987,87.22416123690239,86.87160754968853,87.13490840703652
2023-05-01 00:56:00,88.30554156276223,88.56491133998463,86.86508316242191,87.9344430224157
2023-05-01 00:57:00,84.93598975732415,85.27599428970342,82.6781475687617,84.91086474768618
2023-05-01 00:58:00,85.76948170282779,87.53831818897324,85.66964583305695,86.84527672592394
2023-05-01 00:59:00,80.83364100932235,82.19444758328649,79.82086532973977,80.65166572892187
2023-05-01 01:00:00,82.45896532776057,82.83859910230161,82.221359976714,82.5312726184706
2023-05-01 01:01:00,81.33726958011509,82.05204035356311,81.0674580774193,81.67665372794738
2023-05-01 01:02:00,79.41844986247926,79.90233317375589,79.18368588133283,79.69607306104335
2023-05-01 01:03:00,71.0591924737806,72.85634523100418,70.08441239231121,72.77186847603791
2023-05-01 01:04:00,75.6704147290338,76.88259163732765,75.50384455585531,76.09001116301162
2023-05-01 01:05:00,71.77120387510175,73.08901011773396,71.05918894920765,72.68965857370188
2023-05-01 01:06:00,72.31827463388288,72.96147081349741,70.94410837809886,71.35569219128338
2023-05-01 01:07:00,78.08962417849958,78.40764297735825,78.05148223954315,78.36332960044561
2023-05-01 01:08:00,76.78516803705119,78.3079052907469,75.92293683408745,76.52394609846914
2023-05-01 01:09:00,72.83541806142789,73.25493055046964,71.1654691269965,71.39687617957478
2023-05-01 01:10:00,71.79494735616068,72.96480498299145,71.21367190228736,72.45686009388467
2023-05-01 01:11:00,71.19600643189625,72.08002572714659,70.55719155859755,71.70001333995266
2023-05-01 01:12:00,78.23434408554091,78.86829448188499,77.31144953411822,78.04615435117154
2023-05-01 01:13:00,79.23162040031066,80.7107150288078,78.76474504577664,79.79274061900207
2023-05-01 01:14:00,79.49824042337103,79.94689962500996,78.02341958672893,78.44983945907272
2023-05-01 01:15:00,80.97947066818504,81.86215302887608,80.7267564176421,81.06603033220681
2023-05-01 01:16:00,79.68665084754393,81.04430020733497,78.9606747604178,79.8958138747283
2023-05-01 01:17:00,72.65600722079222,73.19053525545276,71.82373328112658,72.60042303890695
2023-05-01 01:18:00,78.1643725314665,78.83835252819306,77.13897984485905,78.18742492689013
2023-05-01 01:19:00,82.24913071049518,84.23066030227818,82.13439961805166,83.91729256444944
2023-05-01 01:20:00,78.241096485077,78.65064318171956,78.14854992471165,78.22854340708834
2023-05-01 01:21:00,70.41951406006116,71.05844955743531,69.96287858021586,69.97903070948296
2023-05-01 01:22:00,75.44012098861653,75.70880138818536,75.02030029240446,75.3116817163085
2023-05-01 01:23:00,74.69873701953003,76.26881256333085,74.15623925886472,75.16604764200801
2023-05-01 01:24:00,77.353176212773,77.70022783661473,75.82342029076193,77.16924412060887
2023-05-01 01:25:00,71.87517866521445,72.77639261288601,71.11665734420649,72.46455764847845
2023-05-01 01:26:00,68.04480060288631,69.30208075302676,67.31628479501211,68.99423611415264
2023-05-01 01:27:00,64.09416431411654,65.1429664157751,63.39276683147184,64.98725286903799
2023-05-01 01:28:00,63.51622814411787,63.82068955537815,63.249994158269715,63.44121598584874
2023-05-01 01:29:00,65.41422088730147,65.6880693937816,63.70408451453522,64.88731446888842
2023-05-01 01:30:00,64.20029565491978,64.49609726944277,63.20482913962772,63.97930672864144
2023-05-01 01:31:00,70.41999029362088,71.55155897115226,69.83936261863158,70.71565477504461
2023-05-01 01:32:00,73.2383499101966,74.51758533475495,72.31453159166315,72.77994461060393
2023-05-01 01:33:00,75.10924232324483,76.10056215014798,73.81105982283643,74.56954648189065
2023-05-01 01:34:00,70.42308563968008,70.63043472583625,69.98650841298354,70.11256114869657
2023-05-01 01:35:00,72.59149525166718,73.11601011407673,71.46426827806121,72.07856967686223
2023-05-01 01:36:00,67.07512824321877,68.68862209068496,66.6762546989173,68.19405302974887
2023-05-01 01:37:00,65.37423152729032,66.22939161723517,64.60993979859624,64.93505221146327
2023-05-01 01:38:00,67.84125701674617,68.29354151458512,67.38334859340246,67.55422700842304
2023-05-01 01:39:00,66.82267461119086,67.05176083039603,65.39862350181099,65.72968566890333
2023-05-01 01:40:00,67.22520040370672,67.7477476208827,65.80961746040768,66.5622431182492
2023-05-01 01:41:00,67.31303509460864,67.74269551127178,66.3067156988526,66.43769733695962
2023-05-01 01:42:00,70.24960749908749,70.85408944488765,69.12762103030559,69.58719310675534
2023-05-01 01:43:00,66.38643403644153,66.88154990788651,65.79167785903479,65.90941499179945
2023-05-01 01:44:00,69.84840401208511,70.44279652339195,68.61218970662587,69.0249557463026
2023-05-01 01:45:00,71.64470803979938,72.16913740363592,71.33930752533179,71.68613988837566
2023-05-01 01:46:00,70.1781451469786,72.32274787123438,70.13859648524733,71.4197031799172
2023-05-01 01:47:00,74.98165158794073,76.62839900849592,74.5255115648793,76.55923737229607
2023-05-01 01:48:00,75.51666562984775,76.39307477258735,74.0762136881079,75.11437005408624
2023-05-01 01:49:00,79.79182137488633,80.06851064350073,78.77573687032894,80.0431863609155
2023-05-01 01:50:00,78.9475456793883,79.83576040119544,76.80804288675797,77.84891764600553
2023-05-01 01:51:00,79.47449937034328,80.45052528667941,78.80079066501229,79.32393708951896
2023-05-01 01:52:00,81.52022375796389,82.01741986096673,81.16641254860404,81.65677016217512
2023-05-01 01:53:00,80.66749343114978,81.1310139300898,79.3558467269326,80.18413748918326
2023-05-01 01:54:00,85.00755926650875,86.73302403828227,83.47025271794305,83.5140440158753
2023-05-01 01:55:00,85.20496620705507,85.86840772274486,83.24876598562354,84.99728287524869
2023-05-01 01:56:00,88.8738586319754,89.66936768416144,88.09355181046278,88.63148971397689
2023-05-01 01:57:00,93.42960451942601,93.47292227372407,90.87953911378658,92.47211384762075
2023-05-01 01:58:00,88.70911990217488,89.08508623160932,87.09262001476075,88.33139787030974
2023-05-01 01:59:00,93.96735123803211,95.2145146906112,92.89692866520929,94.12902019462213
2023-05-01 02:00:00,96.91153531854683,96.97881882864226,94.59910711246302,95.27429982674309
2023-05-01 02:01:00,91.96662134170442,92.42767980086906,91.01549309966808,91.54339605128882
2023-05-01 02:02:00,95.69928276876004,96.54407321811509,94.54636473886153,95.99672352073517
2023-05-01 02:03:00,97.21522719204172,97.90623984484918,95.0063883099861,95.28137783792785
2023-05-01 02:04:00,95.22680097433125,96.05650112538474,93.75764516429186,93.78627816742954
2023-05-01 02:05:00,107.66312798095487,107.74614977650104,107.16160507136428,107.5783906836987
2023-05-01 02:06:00,109.72223536181053,112.28800243563681,108.52561530601173,111.0458236541539
2023-05-01 02:07:00,113.82446576874341,114.97481813339286,112.6305546181593,112.91877711857558
2023-05-01 02:08:00,117.18913820845052,119.19670522278744,116.84006144999927,119.09834794820523
2023-05-01 02:09:00,117.62823959809887,119.54977682607925,116.64585204222608,118.11870934016244
2023-05-01 02:10:00,117.73518813963462,119.56967374492291,116.91316743938606,117.11849105054247
2023-05-01 02:11:00,124.30088255006673,125.77940041873298,124.24815678669351,124.33363019413007
2023-05-01 02:12:00,130.43716975581313,132.74590653714478,129.87933583426914,131.71179666956135
2023-05-01 02:13:00,129.29025215827176,132.13169942603943,127.7910587435937,131.18994128237665
2023-05-01 02:14:00,109.20180328767471,111.27254262798411,108.54021756662245,110.97065658871436
2023-05-01 02:15:00,114.87591026718171,116.90160187478307,114.8028936731781,116.26484163275029
2023-05-01 02:16:00,113.03408818727179,114.15941810519698,109.15045259639979,110.15920289984561
2023-05-01 02:17:00,105.81508730940077,108.48778275608466,104.70700883497972,106.59289973577754
2023-05-01 02:18:00,111.0556672179988,113.72630482763336,110.98392612708115,112.16623578990036
2023-05-01 02:19:00,111.5889822461956,113.1365909949716,111.39042885942233,112.40914211029693
2023-05-01 02:20:00,109.42941532011245,110.07561188792947,107.28497499249556,110.02009042582606
2023-05-01 02:21:00,113.84707238543434,113.95834655318363,112.87972961116824,113.46372167526451
2023-05-01 02:22:00,114.07855469036757,115.33474886536773,110.27515633956637,112.5754312372842
2023-05-01 02:23:00,115.54034689067494,116.57756940037714,113.6478933000793,114.96820423131632
2023-05-01 02:24:00,131.3051114206748,133.67166918484068,128.95064261040693,129.2480025678726
2023-05-01 02:25:00,126.70501674653767,128.49831563561727,123.08094321874002,124.12389841726012
2023-05-01 02:26:00,138.67732045529394,141.3420255909973,137.35003052992414,141.3410670472746
2023-05-01 02:27:00,136.95809839166847,137.76252183711935,135.79266090098002,137.14718738434755
2023-05-01 02:28:00,134.76410718390906,135.04705872479565,133.27610512593895,133.90205881862252
2023-05-01 02:29:00,143.22259756890406,145.83645639483873,143.19453405706852,144.13341172925257
2023-05-01 02:30:00,139.29676791788793,140.37438059388472,138.16395466309513,140.1098109096362
2023-05-01 02:31:00,131.87331025332543,132.350038436607,129.543252712297,131.09763887994495
2023-05-01 02:32:00,124.8408612585568,126.06393805034314,122.22182424479907,125.92226146966583
2023-05-01 02:33:00,121.62337696368598,123.97254765277319,118.26162586686439,121.95389928441736
2023-05-01 02:34:00,131.3089009611832,134.42767554804198,130.78188696259886,133.6555818342902
2023-05-01 02:35:00,140.04762628410975,140.19952010299232,138.80335949106328,139.81837473317356
2023-05-01 02:36:00,130.01124019160505,130.68504385760423,129.23203764225502,129.43749631759627
2023-05-01 02:37:00,133.93203541816405,135.7030572501597,133.8324292688761,134.87665626082796
2023-05-01 02:38:00,130.45490414718068,131.37169448608893,128.81570569513877,129.91896089276747
2023-05-01 02:39:00,130.99315937381323,132.10336055289915,129.81663832523446,130.25431811444562
2023-05-01 02:40:00,123.09338289889382,124.47100973470232,122.93176640394618,124.22903296064746
2023-05-01 02:41:00,118.5812255317571,120.83294996087393,118.28427172606233,118.64388837859568
2023-05-01 02:42:00,112.68112032542807,116.49344904843177,111.82809498313911,113.17693334190967
2023-05-01 02:43:00,112.51644329781479,113.5458604670535,112.14702088025155,112.89879943572254
2023-05-01 02:44:00,102.19174873919069,102.85321237344407,98.62840651176526,100.5688426977659
2023-05-01 02:45:00,96.28690028518949,97.10388654448965,96.19405057537561,96.82709439566749
2023-05-01 02:46:00,100.13633498240073,101.60307129107652,99.0665304992971,100.89897926620502
2023-05-01 02:47:00,89.97063520247704,90.86074303985913,88.49470029210943,88.58046104420234
2023-05-01 02:48:00,88.87817971895622,91.95090718729963,88.38833567998306,90.37436464545101
2023-05-01 02:49:00,93.46502698155277,94.25884901336957,93.31208013125604,93.68278052033645
2023-05-01 02:50:00,94.79602468450442,96.75576599853028,93.89493449629101,94.80879694798706
2023-05-01 02:51:00,93.22824649625551,94.99155256145967,92.88922536644652,93.04347300042097
2023-05-01 02:52:00,100.56630675844187,101.19938580172213,100.27270776989916,101.16411141101335
2023-05-01 02:53:00,100.4381176561556,101.43919654536812,99.52649161795544,101.40344783519288
2023-05-01 02:54:00,104.18141997124381,105.64491702605375,101.86982621639697,102.27455887145045
2023-05-01 02:55:00,101.91095699470212,105.40205690266151,101.258062598822,102.46270406090362
2023-05-01 02:56:00,102.03599324157034,103.22783068419055,101.83675085255366,101.89868002206431
2023-05-01 02:57:00,99.23700695666521,99.69420632616757,98.82800368773535,99.38649903024621
2023-05-01 02:58:00,96.63900911744554,97.56207658962916,96.32410776406473,96.6372681664923
2023-05-01 02:59:00,105.70118305965622,106.05436740196143,104.64205666921696,104.9026135472182
2023-05-01 03:00:00,99.60445861496284,100.74896323424252,98.57782832907678,98.82219650708066
2023-05-01 03:01:00,104.95621759686142,107.13620009349727,103.45533317366407,103.52109069189525
2023-05-01 03:02:00,103.7061732042315,104.20475806245922,101.26464632238715,101.91711930221123
2023-05-01 03:03:00,105.37457514658854,106.36716992656044,102.71017508604712,104.62088188312377
2023-05-01 03:04:00,108.35655484224422,109.01385987073616,106.97256050150128,108.33511370406632
2023-05-01 03:05:00,115.89775114191363,117.5174021935049,115.4524572665251,115.85102312544555
2023-05-01 03:06:00,113.80571552899836,114.45433110776722,113.14693637189932,114.18752463209663
2023-05-01 03:07:00,101.92718167629093,104.15165059069605,100.97638280263554,103.68106755912466
2023-05-01 03:08:00,100.50264888429838,103.58962743810578,100.33629921414928,101.57168987219308
2023-05-01 03:09:00,97.3706929065401,98.92866529848226,94.72634106268754,95.7455934878302
2023-05-01 03:10:00,94.79725990396905,97.7521789631185,94.00073990994244,96.51623255444494
2023-05-01 03:11:00,95.9815152510364,96.8923337172595,94.18779237428369,94.20980922733024
2023-05-01 03:12:00,90.1502821843381,91.40279272336605,88.48953922312386,91.33363518493108
2023-05-01 03:13:00,82.58028065158318,82.99000846125824,82.51142387753707,82.67198488417732
2023-05-01 03:14:00,80.56830875658041,82.46861669773176,79.57159254255693,81.2810436745156
2023-05-01 03:15:00,75.93612871282843,76.82642174891892,75.08229286321038,75.146603963469
2023-05-01 03:16:00,71.5972608002447,72.01465492376879,69.76230216190577,70.82916818139668
2023-05-01 03:17:00,66.75912731894385,66.96109475379414,66.36001391395013,66.37210474486876
2023-05-01 03:18:00,65.26758775185138,65.85595225360085,64.99523494149881,65.54476468108925
2023-05-01 03:19:00,64.2484353860815,65.51848185896824,64.07893645322326,65.02752521662504
2023-05-01 03:20:00,61.58598269902696,61.98584361432118,60.607671616859534,60.88525844359433
2023-05-01 03:21:00,64.17579283496273,64.86311718050521,63.26817690653429,64.2970716086214
2023-05-01 03:22:00,65.26695080089796,65.92856646558184,64.33074895426391,64.95814614392533
2023-05-01 03:23:00,71.83147501925642,72.95681970182446,71.62203018677236,72.45451243488775
2023-05-01 03:24:00,71.76636529277836,73.58573874023215,71.1463898739268,72.6009634060732
2023-05-01 03:25:00,70.06400982247794,70.3387337363408,70.04742859021677,70.2380433976049
2023-05-01 03:26:00,69.1092406368336,69.41259256254801,67.3056602221409,68.0555688900594
2023-05-01 03:27:00,68.447579513683,70.65500192736478,67.86092336801826,69.37267909722671
2023-05-01 03:28:00,68.95321905405292,69.80587073364902,67.4460384029655,68.36274841919484
2023-05-01 03:29:00,68.65255921230326,68.7771615822724,67.55865399817559,67.93755790203662
2023-05-01 03:30:00,68.01174113098902,68.67086697819556,67.87968731115836,68.5192527547565
2023-05-01 03:31:00,69.08385234810922,69.17985114074003,67.76580414354653,68.76770982844891
2023-05-01 03:32:00,72.9256864041842,73.32673989420388,70.17742579961072,71.62514161429425
2023-05-01 03:33:00,74.78486689088626,75.36517192913385,74.37856925558953,75.0958102397558
2023-05-01 03:34:00,76.30013174610451,76.77925166693161,74.36647766878569,76.71501382419443
2023-05-01 03:35:00,77.38326742444616,79.49397976385129,77.10936772026591,79.16699924749182
2023-05-01 03:36:00,77.40698942033121,77.82707840688546,75.59760418610891,76.95542738893627
2023-05-01 03:37:00,83.16353536243709,83.78876201281349,82.02400619632522,82.75437437093686
2023-05-01 03:38:00,87.79218317994165,89.43439354694837,86.60845268432082,86.93435409164313
2023-05-01 03:39:00,94.96175131008269,96.02982942730434,93.64762411369182,94.10816996861493
2023-05-01 03:40:00,101.77512580896011,102.0074869154915,99.66888978940813,101.62794192168883
2023-05-01 03:41:00,103.69627172381684,105.36948241488773,101.88349308015664,105.25324618052709
2023-05-01 03:42:00,105.51312298592488,106.33556030765536,104.71267076056093,106.23511755549058
2023-05-01 03:43:00,102.5342393481225,103.02205904142453,102.19760763492884,102.9505836810318
2023-05-01 03:44:00,107.34551302613384,108.16064423683336,106.23487185853693,107.63223546888537
2023-05-01 03:45:00,113.16660087746119,113.70066040011629,112.22911847916872,112.51955016059485
2023-05-01 03:46:00,120.42922426886233,120.61258436984137,118.33882102396979,118.52059824526701
2023-05-01 03:47:00,124.19153737816846,125.24596627537393,123.01559454799848,124.58112391678688
2023-05-01 03:48:00,124.22734757575233,125.2997956274422,123.55877615247255,124.29381853912629
2023-05-01 03:49:00,125.98049967400912,126.90863152296251,125.45962663247651,125.56789015720636
2023-05-01 03:50:00,128.60080580149037,129.5484290864226,126.17743920641702,128.66688190571264
2023-05-01 03:51:00,129.83050718947945,129.93524642088443,127.03091374316317,128.04920517619382
2023-05-01 03:52:00,128.80537728317583,131.47370047871837,126.52852548759816,129.68306333416552
2023-05-01 03:53:00,126.05124433954,126.88635821347711,124.97187726252068,126.33142560938198
2023-05-01 03:54:00,124.69105156916049,127.21890159731286,123.38120894708524,124.49797791449294
2023-05-01 03:55:00,116.05209922146445,117.88649554416045,114.88243568149738,116.78286254742561
2023-05-01 03:56:00,130.52565674727458,132.68103705019286,129.47137472245603,129.5723213455183
2023-05-01 03:57:00,138.38027750636184,138.6372963053726,137.90651112617252,137.942190127932
2023-05-01 03:58:00,134.74313053037224,134.8793239644972,132.95895308690518,133.05617698260636
2023-05-01 03:59:00,140.54659906589356,141.1107723730935,139.99307531414252,140.73186937602665
2023-05-01 04:00:00,139.95691203111417,140.67072209536227,134.74880071379968,136.9861775703385
2023-05-01 04:01:00,133.65536610438724,135.5030682528926,130.11970808901614,133.75950784738922
2023-05-01 04:02:00,145.57536839332158,146.5788000899306,143.37542308845087,145.32381193006682
2023-05-01 04:03:00,152.35238963341388,155.39539436888407,150.80196738218015,151.65446713598965
2023-05-01 04:04:00,148.12231528364634,152.5393489726638,146.80243338745947,150.37904669666995
2023-05-01 04:05:00,144.39091431820376,146.3254446588156,143.802132794124,146.1428557158182
2023-05-01 04:06:00,140.63038623791215,141.9666140793752,139.80619788527315,139.9650946689317
2023-05-01 04:07:00,137.52989510435168,138.0410469618059,130.84867661682418,134.45194844553512
2023-05-01 04:08:00,146.66228073417025,149.93016649465457,146.26778094781028,147.3701442570342
2023-05-01 04:09:00,148.96616756060112,152.27521567015245,147.38215978748238,151.29333401806588
2023-05-01 04:10:00,135.49361273478831,137.38886258163268,132.34756185058157,136.4800489015215
2023-05-01 04:11:00,128.63825925455228,129.89255350764202,126.09489185383707,128.36318812450082
2023-05-01 04:12:00,130.77289111123915,133.37936350035267,127.64803091746246,130.27422670023626
2023-05-01 04:13:00,143.06724711818077,143.25357353970432,140.3647043000498,141.04834913322432
2023-05-01 04:14:00,140.33197196503087,141.43639313058344,137.13688301212815,138.66239885073824
2023-05-01 04:15:00,135.86368753279066,136.04378372586922,134.63445514465545,135.20096109194537
2023-05-01 04:16:00,143.3364977060491,144.45485606918007,138.72710179135242,142.3466302389732
2023-05-01 04:17:00,138.17804167163325,142.5644305723946,137.84586892652612,140.38683376940915
2023-05-01 04:18:00,138.3255767581924,142.2445554949922,137.65494686912922,138.6869601930949
2023-05-01 04:19:00,124.82846043021748,126.77019884474933,124.18262252603226,126.06889267321165
2023-05-01 04:20:00,121.63358176876923,123.29163913452471,119.8869435016161,121.57160031708442
2023-05-01 04:21:00,134.1352982912035,137.98345316685302,131.8765144190802,137.42483900858178
2023-05-01 04:22:00,128.9246116040096,130.77352674737926,127.03839518692276,129.14708616956273
2023-05-01 04:23:00,142.85789691483419,144.685735821945,140.8039685721089,143.365951889324
2023-05-01 04:24:00,144.5018536505624,144.98269206678495,140.30294498547423,141.67342327895872
2023-05-01 04:25:00,135.6419144526051,140.10961622590978,133.56537268405052,138.44615131658466
2023-05-01 04:26:00,135.80532161581132,137.78955000082308,135.66059397267958,135.80354099557593
2023-05-01 04:27:00,129.91778093814733,132.50539325268656,128.77759024074052,132.47142229121835
2023-05-01 04:28:00,129.7720588068888,130.75611297576896,125.64881085002453,128.55874735597325
2023-05-01 04:29:00,134.64548819213402,136.5352602480088,133.37626676233174,133.93040049542697
2023-05-01 04:30:00,132.15762645033737,133.6736111725098,131.7665927131162,132.051535791658
2023-05-01 04:31:00,133.77893751581374,136.49816400965872,131.6595508741608,134.63643072560518
2023-05-01 04:32:00,140.35233971824238,142.08734185851398,140.33928532821614,141.83051220941536
2023-05-01 04:33:00,141.3722368293489,143.6296677884334,138.5882956040928,140.1058676980956
2023-05-01 04:34:00,134.89496287520865,135.12365690919404,131.91255044321073,132.80683186449286
2023-05-01 04:35:00,139.1546397303672,139.17200348256506,136.6395252094742,137.60434104215832
2023-05-01 04:36:00,139.82831067591982,140.9054430374429,138.58109661667888,140.3553886318833
2023-05-01 04:37:00,143.18015712177436,147.5462874855162,142.9055197950462,144.7349335910645
2023-05-01 04:38:00,140.4546429164763,142.618445154682,138.96040492768725,139.27540715262907
2023-05-01 04:39:00,144.3112939782074,148.6013142620972,143.69366023775993,146.76921433088359
2023-05-01 04:40:00,153.08950244272944,154.79553121528616,152.71686566776185,152.83630492656837
2023-05-01 04:41:00,148.83454061304732,149.675488930896,148.27848520046777,148.53688530261076
2023-05-01 04:42:00,143.44512772501326,144.43167974188685,140.82583051543867,142.80670626096517
2023-05-01 04:43:00,134.61453347973858,135.38403688584935,133.50032371666077,134.67289745059193
2023-05-01 04:44:00,123.85326873513698,128.16584667510912,123.77475059182713,127.92281827060661
2023-05-01 04:45:00,123.2283624883232,124.06605034306189,122.32932699141874,123.75839597647537
2023-05-01 04:46:00,129.1983298895891,130.8059181383203,128.76143616157609,129.47217600844047
2023-05-01 04:47:00,129.0971750348127,130.99579953875335,129.08983918652527,129.31588521505938
2023-05-01 04:48:00,134.06342594693967,134.79027243661247,133.61367561561383,134.68584876340407
2023-05-01 04:49:00,137.0941143415094,137.80991256191524,135.97149674287962,136.81426032035844
2023-05-01 04:50:00,144.55438648664534,147.82204004600248,141.58213989749163,147.6229087189861
2023-05-01 04:51:00,146.39358730597345,146.95856310511417,145.07112379381323,145.32297058342013
2023-05-01 04:52:00,146.50987140126625,149.25950643257642,146.40872416302656,147.61850163354057
2023-05-01 04:53:00,146.68588989692432,147.28142124102885,144.17223560044405,145.51292271709778
2023-05-01 04:54:00,145.69899661669686,148.35014222279173,143.77833448891894,147.52644189481177
2023-05-01 04:55:00,147.79249365918415,148.40329272665684,147.33986582919687,148.38181443613306
2023-05-01 04:56:00,139.56408601157193,139.78698229682587,137.1981361091472,137.41831771897472
2023-05-01 04:57:00,142.66887105813203,142.75485429905282,138.45710790577976,142.51509696401104
2023-05-01 04:58:00,144.32926695984105,145.6311982989161,144.2049528666608,144.31906958438404
2023-05-01 04:59:00,145.67926526695035,147.31217730542758,144.12387719910194,144.90894695731475
2023-05-01 05:00:00,151.14232924095919,155.12113840694877,148.80880876516113,154.09097069248762
2023-05-01 05:01:00,156.29744147938428,156.94775955701485,152.50075769319145,156.44654914692492
2023-05-01 05:02:00,159.20822107725306,162.80411422370383,158.06880196405825,160.5997218010569
2023-05-01 05:03:00,174.62641046554228,175.55638507422034,174.24710461386948,174.90482457506135
2023-05-01 05:04:00,172.91767838045223,173.11125756580324,170.84411189619632,172.38611592865422
2023-05-01 05:05:00,172.70530116030517,173.9037913954079,171.23337312750817,171.71381061685545
2023-05-01 05:06:00,163.22060701559047,165.66533008576383,159.40713535557921,164.30284928671378
2023-05-01 05:07:00,155.74496962047385,157.81017133507086,154.45541072162192,157.02241486642296
2023-05-01 05:08:00,161.35385993051347,165.6378798723376,158.41530431387946,161.23715051548749
2023-05-01 05:09:00,156.43986933164257,157.2419917165641,156.09110682123173,156.64944844219443
2023-05-01 05:10:00,151.74337528943914,152.23991637725965,149.29334478279102,150.05738877469074
2023-05-01 05:11:00,145.6053999142641,147.54040163362737,141.15504051830783,142.73174676271145
2023-05-01 05:12:00,142.9592775582715,143.30439757627482,140.91645771625974,140.99307533513235
2023-05-01 05:13:00,141.02321754939723,141.68317034698774,139.19381673599386,140.4217876435297
2023-05-01 05:14:00,146.8160656526805,148.25867664744703,143.9797209463998,145.9038615161463
2023-05-01 05:15:00,144.26770217998174,145.51599464163309,144.09243256132976,144.54764205713977
2023-05-01 05:16:00,149.6667141870601,149.9444263465285,146.0283118700698,147.72744854406903
2023-05-01 05:17:00,140.93387305835074,142.09168367036645,139.7069318075303,141.59435561065726
2023-05-01 05:18:00,132.22800057270825,132.85470094750352,131.76134222309065,131.95600674733507
2023-05-01 05:19:00,134.5961845851177,136.91343729374,132.69883115410124,135.85573203954655
2023-05-01 05:20:00,133.61437267199165,135.13492994326484,132.85157254149414,134.54167875206838
2023-05-01 05:21:00,137.49587461471984,139.29382401316784,137.069676662853,137.53647994181318
2023-05-01 05:22:00,141.09733375179707,144.44769267928976,139.96332125783152,143.77475198218687
2023-05-01 05:23:00,131.67711484943794,132.35835118707874,129.3111912039767,132.34450285067535
2023-05-01 05:24:00,128.327182800245,131.33933836428102,126.88323106196289,130.173020226159
2023-05-01 05:25:00,130.77749172471033,132.65782599112336,128.7330926761587,132.22777143404363
2023-05-01 05:26:00,137.4087117713318,138.25516577645038,136.16118003596645,136.66285193316975
2023-05-01 05:27:00,134.68953118215498,135.9890368718163,132.22779449928856,132.82693822236078
2023-05-01 05:28:00,132.71473126024898,133.93598432108973,132.0399902238161,132.14185053331008
2023-05-01 05:29:00,134.37179106261027,137.15255194601343,133.227289410398,135.79749490446434
2023-05-01 05:30:00,137.54611190391893,140.0382720917082,136.40100362440185,136.97478492805078
2023-05-01 05:31:00,141.39733752344875,144.20010822973867,139.24638877880292,143.15404215490298
2023-05-01 05:32:00,142.4500739761579,144.6841865820525,141.3810958759356,142.01401621059918
2023-05-01 05:33:00,141.69595417313408,144.40248184858353,139.8997198847029,140.83005205795317
2023-05-01 05:34:00,152.09923501454935,154.99391724391867,150.30925391205287,150.99068433182174
2023-05-01 05:35:00,141.68958014860021,143.74335973395833,140.54322686232533,142.94718034727637
2023-05-01 05:36:00,143.64414792312255,144.6119406048311,140.5153637719172,142.52451184936123
2023-05-01 05:37:00,148.8014469839952,150.27955644537468,147.77465890406702,148.9627335023448
2023-05-01 05:38:00,139.01875288906422,139.59324053858262,138.98184108262421,139.29391293764766
2023-05-01 05:39:00,133.3848314224282,135.89224214489366,132.7470767886466,133.5672382558671
2023-05-01 05:40:00,127.3426943094074,129.60538928536997,124.04992261345114,126.39806332487488
2023-05-01 05:41:00,134.24085755950696,138.79397623825247,133.76480586088115,136.18283631403378
2023-05-01 05:42:00,138.54055849133528,138.8152247022709,134.6315448182299,137.43115001636204
2023-05-01 05:43:00,142.77711150357334,143.77072810038686,141.51397422734715,143.37619289681098
2023-05-01 05:44:00,141.47397547745817,142.33156618346356,141.1408118746457,142.01001692507162
2023-05-01 05:45:00,136.51838624908982,137.29087513293646,134.38227607994892,136.4309648217846
2023-05-01 05:46:00,125.4454066916153,128.12463261159849,123.47732107749695,124.22428551346637
2023-05-01 05:47:00,115.3291856467549,116.68175036102987,113.52033478656634,115.01473437913408
2023-05-01 05:48:00,131.28761875927668,131.4168546331395,126.79371822191673,129.45069543849485
2023-05-01 05:49:00,130.83643895917496,132.80309294658065,126.93801311128331,127.5674979221183
2023-05-01 05:50:00,134.07922488662652,135.20294354359999,133.39845586841918,133.703857044163
2023-05-01 05:51:00,145.60127738354603,148.10430980650597,145.21573140266577,147.15890213151025
2023-05-01 05:52:00,138.5768763900972,139.55613293478152,134.0773935856173,135.38829137002824
2023-05-01 05:53:00,140.4831687872698,142.92199317555014,138.1937373899811,138.3592177709602
2023-05-01 05:54:00,142.1767537563819,143.31955796043178,141.21842935114606,141.63330815818864
2023-05-01 05:55:00,149.10090137337096,149.41106412324183,146.86602382478944,149.28064549855287
2023-05-01 05:56:00,142.6958536785816,143.15728400844503,139.8123788776618,141.01025740299383
2023-05-01 05:57:00,155.17751336227226,158.24637069031718,154.4608308786361,155.36723971414688
2023-05-01 05:58:00,158.0786103984765,158.9551715195015,156.2135761700906,157.49538779667031
2023-05-01 05:59:00,155.27592230193153,159.28228037520606,152.68409455489706,156.28221889027483
2023-05-01 06:00:00,161.0831747629047,162.4859216265452,160.62562556291175,161.41107623043723
2023-05-01 06:01:00,149.2831315387463,152.74436413894492,148.6827161783186,151.1172300553578
2023-05-01 06:02:00,142.8191968483931,143.9222169419547,141.88345702713198,143.57905546857904
2023-05-01 06:03:00,139.5300838899561,140.75920434392302,138.8477467011549,139.0518454861878
2023-05-01 06:04:00,140.6296466757372,141.81151262375673,136.82063354447723,137.92930812656533
2023-05-01 06:05:00,147.27295798588872,149.0784932978405,145.28041211832226,145.9427644456182
2023-05-01 06:06:00,149.07343161484613,151.77076035537783,141.53797942278257,145.4539773962235
2023-05-01 06:07:00,145.32925716186796,146.9472778145876,144.22207465004965,144.45585031656776
2023-05-01 06:08:00,152.45040439012683,155.5653453936911,149.50488831093793,154.72628642940208
2023-05-01 06:09:00,149.1733520897641,150.82561214536216,148.84813159806893,150.25728971981306
2023-05-01 06:10:00,150.06245482356817,151.65579445264947,147.84587548743193,149.28952628965453
2023-05-01 06:11:00,146.88452501812486,146.92252104503325,145.74624884807395,146.64703752130097
2023-05-01 06:12:00,136.6898340787789,138.017148495397,135.0731564552431,135.65632404347318
2023-05-01 06:13:00,136.004898523851,138.05153028249592,134.50414588198868,136.47302940188146
2023-05-01 06:14:00,139.83381758611077,140.93882039332013,137.9279492705581,138.52873285210947
2023-05-01 06:15:00,128.6606813374202,130.30969088321532,127.97330912377525,129.49316440365686
2023-05-01 06:16:00,118.14584685244012,118.37582857939914,114.86265799825516,117.14402352141096
2023-05-01 06:17:00,111.98726373611301,113.46891274860401,110.97181444106903,113.04756342184726
2023-05-01 06:18:00,114.04405407391582,115.7321931249699,112.66820014439014,115.04114179225866
2023-05-01 06:19:00,118.08132831159375,119.58249231703324,116.30068378327285,117.80861999325575
2023-05-01 06:20:00,124.90120759901954,125.5730566987837,124.55898570034974,125.50334889898431
2023-05-01 06:21:00,128.0964777943323,129.40536368309236,126.78657344298381,126.93365651696519
2023-05-01 06:22:00,133.03258616148628,135.39427032520464,132.55937308117652,135.20370762579273
2023-05-01 06:23:00,136.60962891456785,138.0462770205216,134.3168726753622,135.86028913475073
2023-05-01 06:24:00,133.23611401511874,135.71665178812157,132.71238430624493,134.71771493981245
2023-05-01 06:25:00,135.66845285227964,138.35018664687342,134.86694133047845,136.43767268352596
2023-05-01 06:26:00,134.07164752277234,135.80872378903638,133.44694332989553,135.80736385843485
2023-05-01 06:27:00,136.0896467394489,136.70270197424236,132.94784556627044,134.80859343559422
2023-05-01 06:28:00,146.32396480834117,146.89282152145532,145.98259193534986,146.38569904844246
2023-05-01 06:29:00,149.0857429701505,151.56339413556324,147.29514580787688,150.2462224893272
2023-05-01 06:30:00,143.20307339444963,143.71568073807182,139.80958684609288,142.07216723710576
2023-05-01 06:31:00,137.95696054043518,138.70101941166925,137.8809741906958,138.46451268868378
2023-05-01 06:32:00,140.41432881419155,140.96851595346644,139.49877265679717,140.03899681119492
2023-05-01 06:33:00,142.47822993788844,144.3525125409734,141.19114338924925,144.34541852526294
2023-05-01 06:34:00,145.7848643151924,150.115155236478,145.40131956430437,148.89584470884628
2023-05-01 06:35:00,155.08282989328444,157.03197761152637,151.64342743934867,155.7972140490591
2023-05-01 06:36:00,158.72511289156947,161.66368644036754,158.16766415576703,159.56637258808777
2023-05-01 06:37:00,157.63827875048983,160.17045999439637,157.29690617551708,158.4770428108313
2023-05-01 06:38:00,148.3199691447241,150.52688095121857,147.10888783582448,149.02539458990307
2023-05-01 06:39:00,143.409385232072,144.60993795584633,142.77509825880387,144.13366415434982
2023-05-01 06:40:00,140.11410425161102,141.31126436275738,140.09917476723052,140.41001661666277
2023-05-01 06:41:00,139.8049489727858,141.10638182770026,135.22330081057692,136.39805454005247
2023-05-01 06:42:00,136.52493560840043,136.53342921454276,133.10800827594198,134.82447180901679
2023-05-01 06:43:00,127.93492538709094,130.35739500316134,126.20380670460165,128.42320196703503
2023-05-01 06:44:00,142.2494079220385,144.61145601000496,141.9210186294733,142.96461528096273
2023-05-01 06:45:00,137.65963118075973,138.6782765879217,136.22917795555222,136.73872598158172
2023-05-01 06:46:00,126.58349348506744,127.49757776408111,125.42283196372789,127.42744459429254
2023-05-01 06:47:00,118.63947698065995,119.20668131455915,115.99077570592267,117.00671851945613
2023-05-01 06:48:00,116.34417191848812,117.1965069588523,115.25638894909696,116.41459738276639
2023-05-01 06:49:00,118.66960861154787,119.66329616104069,116.62708043640312,116.96391784207268
2023-05-01 06:50:00,114.20619746080303,114.2576693450459,113.27293942864499,113.96552716263572
2023-05-01 06:51:00,112.8592796347951,114.78047907195422,110.75174884862157,113.38811611074333
2023-05-01 06:52:00,115.52282282576454,116.79659947753811,115.05067644230513,116.67250375481679
2023-05-01 06:53:00,108.69322432831687,109.5914287690504,107.77230924257253,108.72496159751783
2023-05-01 06:54:00,103.56630155453655,104.20470541892882,102.51168825418333,103.38709935829482
2023-05-01 06:55:00,114.8812456248913,116.62945540072789,114.28168576157546,115.57057703613276
2023-05-01 06:56:00,120.55034882201852,122.0558155933441,120.50346038648362,121.55181562781524
2023-05-01 06:57:00,124.3572090377651,125.45721841077955,124.07292228850024,125.0405323159938
2023-05-01 06:58:00,131.2976016329054,133.89004594980906,130.93882880545428,132.08772100338797
2023-05-01 06:59:00,122.8437252489111,124.42546451844694,122.62805776824366,123.1530637344083
2023-05-01 07:00:00,115.70133978394617,117.22210667971811,113.47936470932343,113.56333982476353
2023-05-01 07:01:00,108.9891066636757,109.8747907492901,107.17501754039706,107.30064071823318
2023-05-01 07:02:00,119.56702518330022,121.02607352999888,117.49838448726449,118.6616749668851
2023-05-01 07:03:00,119.9989523841916,121.81889791748593,118.90399933074494,119.12806792821064
2023-05-01 07:04:00,120.76812996530602,121.96572916949309,120.3100299760551,121.56257147029393
2023-05-01 07:05:00,127.99542709696847,130.63110601848533,125.64784027340993,129.4121789641523
2023-05-01 07:06:00,129.1705348857553,131.27075120601717,128.85136570957064,130.7867114551548
2023-05-01 07:07:00,148.6291090036193,149.22363971514906,146.49525944940405,146.70832217770072
2023-05-01 07:08:00,155.58888158639604,157.1270816623125,153.69698130497392,156.0608536512089
2023-05-01 07:09:00,162.44440727541678,167.08576792892893,160.5823133353864,165.6919251299426
2023-05-01 07:10:00,156.98559132779613,160.63753611628536,155.38742640330022,158.86545102108127
2023-05-01 07:11:00,150.7132405490001,150.78006469990655,148.85582455808208,150.54645175014863
2023-05-01 07:12:00,158.55411873993924,159.93630288367444,157.04704282878447,159.69138563634633
2023-05-01 07:13:00,144.77251523911733,146.61929690565213,143.5344998777619,146.44162627326529
2023-05-01 07:14:00,133.659180268717,134.47180945957626,133.4854032411768,134.08747655742008
2023-05-01 07:15:00,145.99596985680193,147.7120911075963,145.24929374089663,147.0575892390816
2023-05-01 07:16:00,148.9264496027269,151.4992527826142,148.1630224544424,149.53670212010877
2023-05-01 07:17:00,148.58906035561785,149.84319193633556,144.94824409086428,146.285611391225
2023-05-01 07:18:00,141.0245999086899,142.46793490254433,140.96296953893776,142.30122791186065
2023-05-01 07:19:00,135.9449197983787,138.36992516614822,134.41609939259624,137.71898812883083
2023-05-01 07:20:00,140.5459928681253,141.94544011248686,139.8386782586351,141.00791650550914
2023-05-01 07:21:00,136.13651118611753,137.26392574624614,135.80382367682068,136.4674883955767
2023-05-01 07:22:00,138.50835466572906,140.98800481099414,137.77695598044062,138.25264034963078
2023-05-01 07:23:00,142.0151744958561,146.54290865309892,140.49402398289828,142.7129085410104
2023-05-01 07:24:00,147.33219278419585,149.62762623928168,147.11697637335132,148.41873937438947
2023-05-01 07:25:00,154.59304703860417,157.0167374215629,152.51523397689928,155.5877075009947
2023-05-01 07:26:00,165.19198579809316,166.86941358039863,162.78224588568898,163.3647977439598
2023-05-01 07:27:00,168.17345459899386,173.62367311230472,167.98237052193826,170.273546881083
2023-05-01 07:28:00,170.30650527271987,171.02422332210293,168.45774520840064,170.14041346470856
2023-05-01 07:29:00,174.33686213172612,174.57114800199776,172.72703951282764,173.30578415916787
2023-05-01 07:30:00,188.68380864814242,191.18035123427106,186.78582488295734,187.98716377856175
2023-05-01 07:31:00,185.80400988358093,185.82946982741146,181.1965785461567,182.96512774769894
2023-05-01 07:32:00,173.4435284617812,174.37058574441625,171.67117874818229,173.28826473876478
2023-05-01 07:33:00,173.59058941012918,176.37143381063925,172.63902405200005,175.19756050384888
2023-05-01 07:34:00,185.26780012643712,190.4348702834177,184.9649574328085,189.23384861356925
2023-05-01 07:35:00,175.06006363129998,177.26299279809774,172.2563462107331,173.34661389947482
2023-05-01 07:36:00,172.13515131966946,175.64893761552395,171.76968613048203,173.79508257146406
2023-05-01 07:37:00,170.57511768899397,172.31198355952125,169.1511134596085,169.34826503023785
2023-05-01 07:38:00,162.46543992170447,164.27384292467883,155.88237081110933,156.96748525100108
2023-05-01 07:39:00,158.31932777772354,160.8556803974511,157.43295755742486,158.01180519264187
2023-05-01 07:40:00,155.16797943492472,156.64295585532355,155.09831274560074,156.4578325840795
2023-05-01 07:41:00,158.55127825641975,160.33523147230306,157.09630190478526,159.0513605104959
2023-05-01 07:42:00,148.4589254360708,151.0412952366629,148.14262626450082,149.61686590389405
2023-05-01 07:43:00,148.70054799034634,150.50478216861518,147.46147534430614,149.68741540524096
2023-05-01 07:44:00,148.30597934743778,148.3354184954278,146.02945970509168,147.17404006996009
2023-05-01 07:45:00,153.16736739250408,156.5051107946792,153.1640411544941,155.65626351271456
2023-05-01 07:46:00,147.41387284085684,148.30316558049725,146.1002967470184,146.8443659453029
2023-05-01 07:47:00,167.98200696001405,171.13591399467532,167.2122891921618,170.9116332336091
2023-05-01 07:48:00,166.09178079377503,166.15862331617157,163.1259452604348,163.26659831886698
2023-05-01 07:49:00,156.08202567926003,159.0741296936465,155.95421631064838,157.47203174586713
2023-05-01 07:50:00,156.4772443041117,157.4731274307083,155.0541509728983,156.84536762367313
2023-05-01 07:51:00,148.53426510375607,152.08815736971601,148.33548392024,150.17064781238034
2023-05-01 07:52:00,137.94518237754906,140.9520297270405,135.61060234063422,140.12360185416847
2023-05-01 07:53:00,132.52543745131686,133.86131148592696,129.39913845934066,131.38710656085163
2023-05-01 07:54:00,137.33024034777387,137.98148683335128,136.21287196427397,137.16612343418993
2023-05-01 07:55:00,139.22787977515367,140.18289989870834,136.36880443158185,138.38003141997973
2023-05-01 07:56:00,137.82955612281566,138.14982626625672,135.281414076331,136.9985237502143
2023-05-01 07:57:00,130.10835917120315,130.515691008562,127.11889348203084,128.83003735963288
2023-05-01 07:58:00,118.61004489323204,120.08058225652104,118.36633842408688,118.6075089013472
2023-05-01 07:59:00,127.93734922799021,130.29780472788158,126.77900703449414,127.13467162339651
2023-05-01 08:00:00,127.81882256009982,128.79784922495318,125.97276905768595,126.39501386521512
2023-05-01 08:01:00,128.13598832327426,129.2582950575537,127.99932220536714,128.20686145116522
2023-05-01 08:02:00,125.77789721008459,127.97518479766555,124.73855493819742,125.05957730624114
2023-05-01 08:03:00,122.76454311575016,127.83495930071768,122.22682056982062,125.77856729404247
2023-05-01 08:04:00,120.46089408061076,121.64506875443627,117.76327465006462,119.80806162283623
2023-05-01 08:05:00,139.8655745954376,144.0088074195227,139.47365469560467,142.25023902898428
2023-05-01 08:06:00,140.83330954515603,143.78867814850514,139.96023782845438,140.10686256211667
2023-05-01 08:07:00,136.0812718803679,138.43392587661575,134.66353928434987,137.57249663502571
2023-05-01 08:08:00,151.0539958883295,154.42450110275288,149.90489758677873,150.46489243426979
2023-05-01 08:09:00,149.01821810035645,150.34272638972678,148.2078767680816,148.59311441384915
2023-05-01 08:10:00,145.22481286949582,146.31401026696125,144.0913245980651,144.51938915515154
2023-05-01 08:11:00,152.7605440279336,153.53275873542864,151.40515137149927,153.37757394616034
2023-05-01 08:12:00,141.3990876920322,142.57878903568883,140.33610627529546,140.45573675105038
2023-05-01 08:13:00,146.2731361875917,147.79128732248833,145.48079286343784,145.56396473144702
2023-05-01 08:14:00,152.07605043345254,158.0785596466537,149.4349509255821,153.16463753185695
2023-05-01 08:15:00,160.30173808125744,163.15658245884185,159.9067545545776,160.850194505203
2023-05-01 08:16:00,170.9050211565233,174.75392278536717,170.8047832788507,172.1418103931477
2023-05-01 08:17:00,160.31825374941658,164.67211707729635,159.63325512555807,163.09228790486551
2023-05-01 08:18:00,151.09408309597933,152.00965399715875,150.49876819847867,151.55464188486914
2023-05-01 08:19:00,151.64636210801947,153.94779643009213,146.60226209147615,146.73866096868787
2023-05-01 08:20:00,157.33336438708517,159.54499212811177,155.2107485675083,156.83035520239847
2023-05-01 08:21:00,156.9127505840395,158.855568084827,154.33607031573013,157.1590525684244
2023-05-01 08:22:00,136.6356052667098,137.76770583337859,136.40244523518484,136.76287206674178
2023-05-01 08:23:00,141.36449721357886,143.03525588655674,139.21213955973195,142.82311095016527
2023-05-01 08:24:00,142.2430779604932,144.33799482379075,142.15838572203538,144.03620305858954
2023-05-01 08:25:00,133.52720331954458,135.6376535038003,131.6206510474944,134.36396867249334
2023-05-01 08:26:00,134.4988455251378,138.2813864043628,134.32817711179823,137.96906098559438
2023-05-01 08:27:00,122.8796884635278,123.87100031983972,121.92456198078607,122.07027869933195
2023-05-01 08:28:00,128.866730011045,132.0834744308817,128.20039572192732,131.37421206579117
2023-05-01 08:29:00,126.83346594506276,129.5164763630696,126.43385148148117,127.95790132975532
2023-05-01 08:30:00,123.80404860695937,128.16527228488889,123.7686707760299,126.55402152201924
2023-05-01 08:31:00,126.33668418493204,127.92319377422919,124.83248334752741,125.0592210102892
2023-05-01 08:32:00,127.7754158845863,130.05263041987442,127.75063955349324,129.67575426617643
2023-05-01 08:33:00,128.80428755719063,132.19834623402738,127.36156487801682,128.51377945991857
2023-05-01 08:34:00,126.6669034658317,129.12080403485427,126.38147235202439,127.40233587238076
2023-05-01 08:35:00,123.08813039634423,123.93256664458147,118.63688549903632,121.79507072311795
2023-05-01 08:36:00,126.9624825474995,129.80488902483705,126.51854985257603,126.58685927092829
2023-05-01 08:37:00,123.27195557376274,125.0366296255365,122.62796987739526,122.99613480213881
2023-05-01 08:38:00,122.11229930266163,124.14820771883744,120.72331070921568,123.82092478388611
2023-05-01 08:39:00,121.58091498161785,123.35874298760214,120.50799652987322,122.26655436731139
2023-05-01 08:40:00,119.72244773524238,122.01612628973423,118.98736976708756,120.01300328798177
2023-05-01 08:41:00,113.52368984617505,114.81180069046182,113.14055893469778,113.99506276678075
2023-05-01 08:42:00,111.54897678628647,112.82818783398943,110.55048253577061,112.58541794836809
2023-05-01 08:43:00,110.40607824519937,111.09054040235266,107.99759168367511,110.49053085304101
2023-05-01 08:44:00,111.4650933016194,111.81824375504117,110.80720281648462,111.21488915990021
2023-05-01 08:45:00,109.06247325138274,112.05016843924177,108.86363915001725,109.3155040640518
2023-05-01 08:46:00,107.71200217656927,108.83391520575996,107.1171356216646,108.57273839631564
2023-05-01 08:47:00,99.69349373467533,99.93412260609911,98.1002309452033,98.69410702205086
2023-05-01 08:48:00,105.45141642055805,105.46826025879088,102.49961134839639,103.32010732089128
2023-05-01 08:49:00,104.30536348667508,104.61942977983458,102.36646674995829,103.22318648852377
2023-05-01 08:50:00,100.90222015491388,104.53304227018585,99.29146345180808,103.46380988677703
2023-05-01 08:51:00,102.03672708607105,102.69393881188988,100.45692024744724,102.56379176536605
2023-05-01 08:52:00,98.27364123468823,101.02158122959054,98.08959653910324,100.46882271896763
2023-05-01 08:53:00,98.94318085852353,100.20653331100443,98.5995534623968,99.61387932964266
2023-05-01 08:54:00,104.14488395335503,104.15050775192246,102.4732594603196,103.01441998983199
2023-05-01 08:55:00,94.90667775675824,95.79980703782657,91.36566810337443,94.14552595357239
2023-05-01 08:56:00,90.04374568291537,90.55343243456744,90.04084911308098,90.09950888257964
2023-05-01 08:57:00,85.94724945622839,86.15148161030704,85.66232708763933,86.1489240584121
2023-05-01 08:58:00,84.08355011010833,87.52886833919152,84.05552993747035,85.22604874308998
2023-05-01 08:59:00,80.27581094460088,83.11946987496438,79.86707307730482,81.94915718099205
2023-05-01 09:00:00,83.41385913098,83.42308722812409,81.24880260250312,82.68462803365313
2023-05-01 09:01:00,84.69221546389461,84.93885771100608,84.2303565306429,84.70207215494243
2023-05-01 09:02:00,79.71001963396938,81.98451866490835,78.72472361310706,79.1155542087994
2023-05-01 09:03:00,78.35571571006616,80.35089338412382,77.8820965194557,79.97858739532626
2023-05-01 09:04:00,74.57377553684906,76.70541861479917,73.92515146957132,75.88362660667062
2023-05-01 09:05:00,68.74296132629193,69.08329677990572,66.977333965264,68.6284999644132
2023-05-01 09:06:00,67.39907833102369,68.3974825323931,66.95119590510079,68.29556164119992
2023-05-01 09:07:00,69.45779423750966,69.73370649563292,68.7525937998827,68.7550044708495
2023-05-01 09:08:00,72.37407051951574,73.16557565476471,70.42383135080519,71.06148424993138
2023-05-01 09:09:00,71.61191234227189,72.18330043338466,71.08402793257098,72.17194489988073
2023-05-01 09:10:00,67.70396651634847,69.3725677176759,66.36379136469668,69.27023475135655
2023-05-01 09:11:00,65.60612871560579,66.49429823162446,64.61125928643365,65.00127947754159
2023-05-01 09:12:00,72.89407174040754,75.280670094372,72.34269191683194,73.66309356655852
2023-05-01 09:13:00,69.74283928401022,70.50008445254194,69.29158272727747,69.3644266296984
2023-05-01 09:14:00,66.66108714766482,68.0953632603266,66.4190816488615,67.44536372848161
2023-05-01 09:15:00,72.07129264615027,72.4748015066771,71.08203701467644,72.03594213383423
2023-05-01 09:16:00,69.89734200807715,70.1872976862732,68.78298663766083,69.52574630006843
2023-05-01 09:17:00,70.34651261589694,70.8727243139564,69.15055984608132,69.69046592525248
2023-05-01 09:18:00,71.64053497653242,71.84580819701279,70.28529994068647,70.65227331274167
2023-05-01 09:19:00,75.2280122140371,75.87484916439105,74.35725555124526,75.18013183246417
2023-05-01 09:20:00,74.12986657807069,74.6773496926629,71.97810259985567,73.70222911598948
2023-05-01 09:21:00,75.44684932805029,75.74718780981748,75.06796292915266,75.10381936058864
2023-05-01 09:22:00,79.08422450777223,79.69649455119622,78.50423130370538,78.95574920035125
2023-05-01 09:23:00,77.68678456897989,79.01924876837289,74.90383581494216,75.9924766025874
2023-05-01 09:24:00,72.05239854810793,72.7911508449845,71.5787469837331,72.58274311263922
2023-05-01 09:25:00,68.83017473831005,69.19889945853802,68.80881430504877,69.01907902618585
2023-05-01 09:26:00,71.2651866886478,72.22541941014633,70.72622279444306,70.9164905982738
2023-05-01 09:27:00,68.3422169899612,68.55937436673317,66.42229843104724,67.86096994456692
2023-05-01 09:28:00,65.3372259423802,67.13428304905757,65.06300808348644,66.10963648091908
2023-05-01 09:29:00,67.0591063146378,67.58330122618162,65.75608078886329,66.74807393947451
2023-05-01 09:30:00,64.95666452630925,65.27274606804384,64.61544170347618,64.61551010493122
2023-05-01 09:31:00,61.342327356395366,62.48515562898281,60.86271480268694,61.80303370864915
2023-05-01 09:32:00,66.25617813327857,67.23804621798624,64.75251807195131,64.96234587775906
2023-05-01 09:33:00,62.85903523008325,63.71162662415541,61.576738509826946,61.85622337291866
2023-05-01 09:34:00,63.739222684988604,64.55874564513296,63.177750454902835,64.54351132828391
2023-05-01 09:35:00,62.23207016676122,62.48543335987617,60.05891270790386,60.85365878583766
2023-05-01 09:36:00,65.31675694834945,65.94881122675473,64.22091569221286,64.93608618682265
2023-05-01 09:37:00,61.73830321107789,62.45666588995197,61.22270583282786,61.33720179990061
2023-05-01 09:38:00,57.29365990063512,58.304228603436655,56.82078001797626,57.80869068172017
2023-05-01 09:39:00,59.33230603313019,59.59254359918949,58.37257099191555,58.49588405241055
2023-05-01 09:40:00,59.89323741349425,60.430256947620606,58.695412515888556,60.107628788603364
2023-05-01 09:41:00,60.5545554828105,61.10612242986488,59.87817555709957,60.280780519949985
2023-05-01 09:42:00,62.82056178470473,63.53816927986269,62.026076206744925,63.38015971362225
2023-05-01 09:43:00,60.01497289851441,60.187801456897915,58.600637161477394,59.47775536384936
2023-05-01 09:44:00,65.19074946170093,65.24151541396718,64.79562074712705,65.13450906460574
2023-05-01 09:45:00,61.278752157697284,61.414891689141584,60.52949564261014,61.30885950697494
2023-05-01 09:46:00,63.371534865577196,64.88116712452752,62.66497721341193,62.86410646864125
2023-05-01 09:47:00,64.03609915747457,65.2943648772198,62.56997962142465,65.08948719939168
2023-05-01 09:48:00,66.75330212893611,68.09531331311767,66.36826785447369,66.51670555026209
2023-05-01 09:49:00,66.62696920500912,67.00983130584535,65.48324504462312,65.69462148132688
2023-05-01 09:50:00,68.09114158159407,68.42201659579544,66.86011183494989,67.1396520640149
2023-05-01 09:51:00,67.64815822425895,69.33181645135207,66.9878053086662,68.75637093147783
2023-05-01 09:52:00,68.27242017795369,70.30077451519203,68.18262070407347,69.41257660002218
2023-05-01 09:53:00,65.96182117615618,67.0720458992331,65.89326645569679,66.59667911177019
2023-05-01 09:54:00,65.53918826750257,67.05833363931809,64.94747456838532,66.25820913389173
2023-05-01 09:55:00,63.311811429162326,64.06786995973403,62.106630308781355,63.599029792400316
2023-05-01 09:56:00,65.16101265226894,66.548039394458,64.04548704975288,64.06462574049712
2023-05-01 09:57:00,60.97679825917375,62.400526913612126,60.51951930852617,61.40685661981958
2023-05-01 09:58:00,62.602380502027266,63.11012471060864,61.9509043084061,63.01883454938319
2023-05-01 09:59:00,61.96957556389556,62.80979806014944,61.57165958526632,62.58837103894479
2023-05-01 10:00:00,60.02279605589106,60.33181383161875,58.61675278222057,59.246206518833894
2023-05-01 10:01:00,59.251302528937465,60.03848491183756,59.030001073935836,59.08532032530557
2023-05-01 10:02:00,56.023365680004474,56.1725006881296,54.38938002011069,55.06351834049274
2023-05-01 10:03:00,58.103602468410756,59.53512783079288,57.874540710725334,58.18830638340828
2023-05-01 10:04:00,58.45669465487787,59.28330355331263,58.12408562459835,58.36152460797026
2023-05-01 10:05:00,59.028113878039576,59.78156383941529,58.655181088103184,59.267986209010374
2023-05-01 10:06:00,57.798560954404145,58.22543087550399,57.21127500015332,57.75515135831041
2023-05-01 10:07:00,61.063829005595004,61.324579724689656,60.34438550481189,60.6423767462887
2023-05-01 10:08:00,59.82844202837093,60.01939155802628,58.770703431099555,59.62993986529868
2023-05-01 10:09:00,63.749001226692094,64.0689361447729,63.19633417276283,63.653409015201966
2023-05-01 10:10:00,67.26593285041938,68.38027193117682,66.90050737038841,67.66512611966522
2023-05-01 10:11:00,73.3606131228667,74.31451902136965,71.68449648456564,72.52477930337864
2023-05-01 10:12:00,78.55460203270816,81.65310638665771,78.04855059483874,80.19278193375855
2023-05-01 10:13:00,81.76989263663839,82.47395113766267,80.57137631090885,82.22771865685561
2023-05-01 10:14:00,74.95806913506829,76.56108777988133,73.81423061027118,75.67529000288796
2023-05-01 10:15:00,74.62823890945624,75.31362260826467,74.39093825096104,74.6723835728181
2023-05-01 10:16:00,74.24540892858937,74.46417126432878,73.27430089129285,74.09901362087048
2023-05-01 10:17:00,75.20432620984036,75.70693019231118,74.63671970950647,74.99596166842815
2023-05-01 10:18:00,80.01099536750576,80.51837314920982,78.94268780947365,79.89762997495654
2023-05-01 10:19:00,78.79520277484774,78.85209220680824,77.98327899293807,78.2716144809681
2023-05-01 10:20:00,79.18022970763424,80.68856411558941,77.91335569656124,79.07538941358862
2023-05-01 10:21:00,78.747806777135,80.5921112739858,78.1627737192241,79.54667619608949
2023-05-01 10:22:00,80.41220599762386,81.27711818977171,80.09861709489984,80.54590612228758
2023-05-01 10:23:00,79.30513946995738,79.32334234086747,77.31360963965129,78.95722809612231
2023-05-01 10:24:00,79.07178086172468,79.4510119071502,78.82190778930816,79.44073950472942
2023-05-01 10:25:00,79.90586035056961,80.37930941964521,79.15498392504598,80.20638766523923
2023-05-01 10:26:00,78.55999417755267,79.75130348126079,78.35110456749744,79.40308954411752
2023-05-01 10:27:00,74.95677744618729,75.55948511365632,72.20840021932295,73.18493228009021
2023-05-01 10:28:00,71.2005084663541,71.53977875810415,70.83955584481721,71.3107571385691
2023-05-01 10:29:00,71.91176979542124,73.86293585819777,70.98123055023429,73.47969611054651
2023-05-01 10:30:00,77.2866923577842,78.26373137928967,75.97070338540853,76.28200623385861
2023-05-01 10:31:00,77.26674516444032,78.95807584901914,76.57603009444172,76.9265075953012
2023-05-01 10:32:00,77.26031795178129,78.32079249322791,77.10825942657449,77.86111285004357
2023-05-01 10:33:00,82.13958562898802,83.15755614491634,81.9908872055017,83.1438345596193
2023-05-01 10:34:00,83.63047883681388,84.61839720389806,82.32496159206406,83.35149432950078
2023-05-01 10:35:00,86.44503301493002,87.64223217912637,85.90283229882544,87.20618212339643
2023-05-01 10:36:00,92.79706766471352,93.16028050326499,91.57611434516008,91.77511210991943
2023-05-01 10:37:00,95.68557197848324,96.18740294933315,94.06386270053189,95.01140254126817
2023-05-01 10:38:00,99.9230795707134,100.80681743604572,98.90540047966135,99.35864095465784
2023-05-01 10:39:00,108.88979800964297,110.4632482006983,108.61517781202328,109.25053235119013
2023-05-01 10:40:00,105.36568950826977,105.89603708897535,102.73484088841309,104.15881528214848
2023-05-01 10:41:00,100.89529433197117,101.41804211526907,98.92818945531182,99.73852524581264
2023-05-01 10:42:00,106.76168885074075,107.22612076204302,102.36726415190701,103.38116915595317
2023-05-01 10:43:00,97.45447242595021,97.58672287879025,96.76093971487349,97.30568960533482
2023-05-01 10:44:00,99.67534198722093,100.355603691566,99.34360758806095,100.16284560682323
2023-05-01 10:45:00,97.49750774717543,98.3118722866884,96.40562433481433,97.98017502380632
2023-05-01 10:46:00,95.83968457204979,95.98540921251214,94.02739197867015,94.54558227063761
2023-05-01 10:47:00,85.87933333661147,86.14719232209164,83.57993086744911,85.18153905533633
2023-05-01 10:48:00,88.37822691299839,89.61924187982024,88.11012082192916,88.36336333726197
2023-05-01 10:49:00,91.34706153913203,91.96950643593372,89.86204595559597,90.25896766753144
2023-05-01 10:50:00,82.59289394911477,83.03937751723332,81.45028505192289,81.570045017815
2023-05-01 10:51:00,85.11218878835174,85.48443254949348,84.12779374443792,84.97618713008121
2023-05-01 10:52:00,93.28774573069039,94.9054277652764,90.55115814302998,92.87993291415573
2023-05-01 10:53:00,94.21253425684553,94.75624795566128,92.5989355715945,94.40952836816243
2023-05-01 10:54:00,96.35092273383812,97.69668722030332,95.39645984553434,96.03925732104568
2023-05-01 10:55:00,96.28641731507763,98.55883788032095,95.17197098370826,97.68362440231601
2023-05-01 10:56:00,104.79740159117253,106.9568870746886,104.45522393661318,105.51512181304724
2023-05-01 10:57:00,102.23340514670515,102.69195212786923,102.17154237033262,102.45908915902677
2023-05-01 10:58:00,107.40741988322125,108.76339682123981,106.18665364925948,107.36297174184315
2023-05-01 10:59:00,100.83551658740302,102.46216832484545,99.47422858682135,100.12780543114214
2023-05-01 11:00:00,96.72878978028247,98.7206750645487,96.19555989664077,98.11084909397849
2023-05-01 11:01:00,96.53521045976568,97.03475053720484,95.32598442926657,95.54061305934516
2023-05-01 11:02:00,97.97886500202213,100.90593911557205,96.67099933619049,98.65419645225339
2023-05-01 11:03:00,100.77085419326377,101.69153156581474,97.77904008524419,98.50816552325053
2023-05-01 11:04:00,107.56204553431404,108.42462749856382,107.53255257551025,108.33406140144402
2023-05-01 11:05:00,95.69376494395354,96.83112981467035,95.47626609213506,96.69274785321454
2023-05-01 11:06:00,100.68586745413349,101.32954947294849,99.14283695017548,100.15386262350334
2023-05-01 11:07:00,110.86299704396842,115.06202060020523,110.09914813620813,113.47643427457695
2023-05-01 11:08:00,113.18257476931115,113.73695398249689,111.41951215009937,112.51752131234183
2023-05-01 11:09:00,113.08740684056966,113.1884035697804,111.85070693981653,112.757401835676
2023-05-01 11:10:00,109.05945742398137,110.1773967522839,107.96923143185143,109.71208693008927
2023-05-01 11:11:00,110.78126096555756,111.49946937969467,109.36178829226529,111.00886552162655
2023-05-01 11:12:00,112.85115212755044,114.26043652794782,112.05481700833268,112.31743201062443
2023-05-01 11:13:00,115.8726282506233,116.63355538163255,115.13274647888511,115.97937466328665
2023-05-01 11:14:00,122.62606007798892,122.73055935140728,121.92078990727792,122.22656798300486
2023-05-01 11:15:00,119.93276459842615,124.64790049967287,119.92328154708365,122.44915408700547
2023-05-01 11:16:00,122.73506647181276,124.31512232577836,119.86661841822529,121.84473367390277
2023-05-01 11:17:00,127.64019572268101,130.1120146300069,125.7555694496464,129.58202250992622
2023-05-01 11:18:00,127.82789767239709,129.59205605954318,125.97202425951676,129.19278834101786
2023-05-01 11:19:00,117.22845986504436,119.8519858866676,115.85792016023883,117.6155708548902
2023-05-01 11:20:00,119.03194400815067,122.62663508983958,118.25045447038205,121.26296260753195
2023-05-01 11:21:00,114.3013365196186,115.2193013066624,113.28604274648097,113.88737706484156
2023-05-01 11:22:00,124.0850026136665,126.83877830901912,122.92510610437094,126.38316809475712
2023-05-01 11:23:00,126.65302407923038,129.26095325413746,125.30389697538833,126.65952236935235
2023-05-01 11:24:00,122.28311595037673,123.93177196572884,120.56779836977618,122.32358073557809
2023-05-01 11:25:00,125.8100113587993,126.22953387453448,124.36583705793025,124.5192083587974
2023-05-01 11:26:00,140.4956875298092,142.73352002983583,139.7458457098597,141.11159808948568
2023-05-01 11:27:00,139.18526275163717,139.353402418752,136.55777722413623,137.41283698294453
2023-05-01 11:28:00,140.6616404088726,142.10571102916887,139.8121576760548,141.5283952055702
2023-05-01 11:29:00,146.20800267095387,147.661892123447,143.05211008039157,144.37509534952184
2023-05-01 11:30:00,154.20286843192187,156.93763537680877,153.6319040438995,155.48137019671282
2023-05-01 11:31:00,155.10830653234046,156.39302213803532,153.74960372344466,155.14749191867026
2023-05-01 11:32:00,162.2484095117303,162.53072298471204,160.7301383296477,161.69535745111972
2023-05-01 11:33:00,155.53995646823122,155.69182489640883,153.11965227220787,154.15764530132768
2023-05-01 11:34:00,164.44287673544846,169.08746375113918,163.3897654332941,165.8404511025879
2023-05-01 11:35:00,172.5773188851511,173.28207323574424,171.05821557109937,173.2387617299621
2023-05-01 11:36:00,176.3693308251812,177.6288259095664,172.6726082699054,174.53012453556553
2023-05-01 11:37:00,191.72826641730026,192.0032325004532,191.22600158942987,191.73108716998024
2023-05-01 11:38:00,191.41767473692843,192.40326090912654,186.55404310670093,186.69555190461455
2023-05-01 11:39:00,183.0527212818327,183.79655224366576,181.53746074374425,183.07328108745727
2023-05-01 11:40:00,180.83227988826283,186.86525863308583,180.17297339402873,183.46024766367677
2023-05-01 11:41:00,178.45993826747164,178.73714616805265,175.46591563550874,176.19384651999982
2023-05-01 11:42:00,201.1186916613458,204.43517356363748,199.2575410157896,201.36290779008223
2023-05-01 11:43:00,208.42942958784283,210.5734101982143,205.66518343735044,207.8644624193143
2023-05-01 11:44:00,211.62855272880265,213.62540012164538,210.29091427991835,212.48632810644017
2023-05-01 11:45:00,200.94306890616537,204.19956725691912,198.68785948189543,201.0692503998224
2023-05-01 11:46:00,204.670546137481,206.2878652329424,197.73267489778425,200.43365927795625
2023-05-01 11:47:00,185.8506333369766,190.3882051242283,184.7162373772542,189.29078096139244
2023-05-01 11:48:00,184.30633703573903,188.4778011620229,181.67816972914824,184.35831403029863
2023-05-01 11:49:00,178.46486811613744,179.74853659798265,174.82405329765083,177.66035874785555
2023-05-01 11:50:00,179.37935809815076,180.49488727529797,175.35845623863074,176.4772697487206
2023-05-01 11:51:00,175.27635703106932,175.96046436964147,172.53149673477637,174.40825095700745
2023-05-01 11:52:00,186.0347018093013,189.96462043681373,184.45103215883574,186.53095511634814
2023-05-01 11:53:00,184.4382609597053,190.90961464387354,183.8457409619662,189.52726973271515
2023-05-01 11:54:00,171.38465685843983,172.79435045546302,171.2559602275743,172.1574164634964
2023-05-01 11:55:00,183.41143102778824,186.13732802743203,180.70069834770388,184.2402704425617
2023-05-01 11:56:00,166.27979131537296,167.92013762354745,165.7805346361864,167.03312527498747
2023-05-01 11:57:00,161.63580185172793,164.80524891821705,158.52431719966177,161.69079359125334
2023-05-01 11:58:00,144.71815486028464,147.48901287836918,140.7384705523871,142.25576178586198
2023-05-01 11:59:00,130.23325612882098,131.97493615827136,129.77485848968763,130.2170290352243
2023-05-01 12:00:00,126.54591966714254,127.19757546534755,124.29806991770182,125.38821606254946
2023-05-01 12:01:00,123.77777586965959,125.03926638055499,122.93662987847303,123.77374223332069
2023-05-01 12:02:00,116.34192774931071,117.39122092654047,113.7215703472102,113.80004401756415
2023-05-01 12:03:00,113.62673257463824,115.61038344355251,113.28777914513164,114.7169057633122
2023-05-01 12:04:00,108.13466366813982,109.46256096496266,106.46229647646857,106.74399256299361
2023-05-01 12:05:00,106.84847849605588,108.61019336618212,106.83312341625464,107.48397428188068
2023-05-01 12:06:00,105.54598804203084,106.03846302410486,104.71510336363387,105.6793528183229
2023-05-01 12:07:00,100.18736836246099,101.91703328981102,97.18358614913706,101.56030548409458
2023-05-01 12:08:00,96.08519738347293,96.09295553832743,94.4770202336962,95.18576614013138
2023-05-01 12:09:00,91.29294844123326,92.87061232461458,88.70341516206129,89.83079573505756
2023-05-01 12:10:00,93.14997335798623,94.78955605059394,92.49628929230146,94.3387532986551
2023-05-01 12:11:00,96.85594495318473,97.97855474869101,96.70477545771195,97.41452242040747
2023-05-01 12:12:00,99.63972513612362,101.22375975936502,99.1299935468211,100.04055472371047
2023-05-01 12:13:00,99.9097761459517,102.5682035556273,98.95526029759708,100.94635571527463
2023-05-01 12:14:00,106.38296602399689,107.53640561876648,106.31464038155082,106.73156833249811
2023-05-01 12:15:00,112.39916313524805,114.03656014809077,111.10045705324576,111.85553560534416
2023-05-01 12:16:00,112.79948269733018,114.11107956561322,111.47402201861945,113.82528913951546
2023-05-01 12:17:00,116.28391560702678,119.5790812007423,116.03103199191476,118.04845911161995
2023-05-01 12:18:00,123.50726060634028,126.07842999989253,121.4997673855064,125.23214217402429
2023-05-01 12:19:00,125.63855561310497,127.89214947789358,123.88761601467819,127.37638042605472
2023-05-01 12:20:00,115.46420671198656,115.5650587249613,114.38979814215355,114.86928049868614
2023-05-01 12:21:00,121.57177924194147,123.9669901500784,120.55443419645636,122.24341831134731
2023-05-01 12:22:00,122.6967278143454,124.74423574784478,120.6851751959692,123.8549351770242
2023-05-01 12:23:00,131.03555300642589,134.0488348738436,128.89840424878167,131.55689336725908
2023-05-01 12:24:00,126.00331625388041,126.78984908494854,124.38482979412159,125.26358346295288
2023-05-01 12:25:00,130.10828015437912,131.29231453965286,129.00523045096844,129.08967199651923
2023-05-01 12:26:00,135.51968948681724,138.958341912984,134.99322219702452,136.7727376893534
2023-05-01 12:27:00,133.10030883099583,133.65144068421742,129.81244034601025,133.6099087006054
2023-05-01 12:28:00,139.56399360942922,139.57603681094812,138.94829711077816,139.50272083443323
2023-05-01 12:29:00,145.48650826929025,147.22859750636027,145.31758273910728,145.52034185157888
2023-05-01 12:30:00,142.59892864221823,146.2216373590426,141.07667807196088,145.1554219815963
2023-05-01 12:31:00,138.2831554021888,139.89864766668833,137.86027311583072,138.96858196145308
2023-05-01 12:32:00,132.75309289620787,134.33978587195486,129.77438553383413,133.41401391905188
2023-05-01 12:33:00,130.353745991538,130.9409903496137,127.56785210011326,128.3891973132253
2023-05-01 12:34:00,137.32835560461854,141.6207145202372,135.53903338814828,138.0965555170923
2023-05-01 12:35:00,151.308249886357,152.2419264766564,150.01228475975475,150.91877132621204
2023-05-01 12:36:00,157.3163802490525,159.86796905265288,154.45997996070483,155.14952863837112
2023-05-01 12:37:00,149.7461564653334,150.3180956957893,148.5633975215271,150.04321765564418
2023-05-01 12:38:00,149.1272910500698,152.18699506280646,147.3811487665428,150.30240010318022
2023-05-01 12:39:00,150.24807425314455,152.29283066824425,149.422726860087,150.3166023613487
2023-05-01 12:40:00,139.0397349967039,139.31282171105613,136.20983994368757,137.71888852466265
2023-05-01 12:41:00,132.9753920137727,134.37004734922812,132.5469475963631,133.80925230806014
2023-05-01 12:42:00,140.56179530433016,141.15264600523574,134.4846955293091,136.63353369090518
2023-05-01 12:43:00,140.8755724608436,141.23323670552733,136.61062278247235,137.2826973964177
2023-05-01 12:44:00,133.76524032350054,135.6093729476902,132.54267117830906,133.9351979305414
2023-05-01 12:45:00,132.56690750337648,135.03724465834281,132.3196525005391,134.06090571738864
2023-05-01 12:46:00,139.2036439921245,140.5476799597174,136.68856203851615,138.77453837555828
2023-05-01 12:47:00,134.57481500533353,136.21840900673718,132.9112215988122,135.27972588014936
2023-05-01 12:48:00,129.9235377582007,132.55994418885635,129.2462511265432,131.16253197310982
2023-05-01 12:49:00,135.0032284506872,138.42858660181525,133.96008947286586,137.14965414018482
2023-05-01 12:50:00,143.30487288587514,144.476280619815,142.72635614003073,144.147419963502
2023-05-01 12:51:00,151.45599812809044,154.47338462386048,151.1182857890297,153.26751715958113
2023-05-01 12:52:00,157.76480667230507,161.3263554846229,157.7169829281145,159.57550589916184
2023-05-01 12:53:00,161.3572891945823,161.63891223068035,159.5718936273293,161.49548122083863
2023-05-01 12:54:00,171.54834589127864,172.534027897726,169.79989357178346,170.9197941957496
2023-05-01 12:55:00,160.58515063882166,162.1452777646254,157.61362089844843,161.8578233923457
2023-05-01 12:56:00,151.0353772181948,154.68640628239982,148.89535996358163,149.93148558858033
2023-05-01 12:57:00,166.04461271972116,166.8538832049769,163.94210395480928,165.76952353067082
2023-05-01 12:58:00,161.152444218084,162.23951759919467,159.58831608980435,161.3122024754608
2023-05-01 12:59:00,170.5490828862533,173.91052518901841,168.5109114023192,169.3123118719331
2023-05-01 13:00:00,168.0627410247525,169.57506816962461,166.00375254759825,168.53506551474538
2023-05-01 13:01:00,167.23800341837367,169.31346109658523,164.41253928441188,165.53600026457465
2023-05-01 13:02:00,162.5421531965829,164.34396602304128,161.54917111853047,163.02775383595855
2023-05-01 13:03:00,156.27889430525033,159.20301083547318,155.9988605163989,157.7491525103782
2023-05-01 13:04:00,146.78742746083492,149.37620270920763,143.83253184010306,145.9661355194222
2023-05-01 13:05:00,138.83504909134993,139.01678841691262,137.15756100361966,138.03980120608972
2023-05-01 13:06:00,139.83318670952326,140.70789660792485,138.95175399104033,140.31984725609186
2023-05-01 13:07:00,139.81140351935494,140.1001533442884,136.38484035122963,138.28256747821393
2023-05-01 13:08:00,154.64149484574273,155.49624980978265,153.26083321277235,154.3080033118223
2023-05-01 13:09:00,154.87763378583082,157.2969688878531,152.51658712193782,157.26081262876053
2023-05-01 13:10:00,168.8919337212906,174.34482514939344,166.94829339209898,170.92983637126275
2023-05-01 13:11:00,177.43535027883496,178.9422167167827,174.14948029466618,175.8449349922001
2023-05-01 13:12:00,179.222495530973,182.8696394723793,178.15370582362317,181.51977091946446
2023-05-01 13:13:00,176.36952264270022,179.84058714312613,175.10211730314134,176.10751165273604
2023-05-01 13:14:00,193.3362937007614,194.6090683197024,190.5003924091515,192.24226159369698
2023-05-01 13:15:00,202.0775269063448,204.59317197952473,197.58407786366467,203.27982658116696
2023-05-01 13:16:00,223.6563469991057,226.5502338286354,221.48952624492063,225.38704724780922
2023-05-01 13:17:00,241.6322409496229,242.64611051524597,238.0442535266835,241.10618939029607
2023-05-01 13:18:00,237.34423650269832,240.14164021544195,234.3608936798868,236.42704323743126
2023-05-01 13:19:00,226.93731643348337,228.8997362334157,225.98210972432463,226.2860813350069
2023-05-01 13:20:00,229.7534491587286,237.3291607768434,228.73261944273236,231.7589106367587
2023-05-01 13:21:00,242.9043715617627,249.85731588715328,242.7256286134872,247.88376123069412
2023-05-01 13:22:00,260.62165807487395,264.5275088845717,260.26408072429587,264.33016459732266
2023-05-01 13:23:00,270.4742261268104,274.4789746414,266.98235877174113,268.3743386154573
2023-05-01 13:24:00,276.17020072600627,279.24021770912145,273.06742864320785,273.46992383969103
2023-05-01 13:25:00,285.0511775826089,287.05584573665953,280.7282626498774,283.2220419849064
2023-05-01 13:26:00,298.8890325669921,303.76226931284157,297.67974584370336,302.7955937982165
2023-05-01 13:27:00,319.85397147686405,326.92373074026256,317.7141178865991,318.21472766699344
2023-05-01 13:28:00,305.9812996178267,312.4293215319954,303.97268794516947,310.0867926690461
2023-05-01 13:29:00,304.76481458619605,306.79329403596495,297.86275105648093,304.5214273477822
2023-05-01 13:30:00,302.56408774714197,306.22184950693844,298.0189652481769,300.1065928231846
2023-05-01 13:31:00,290.7485364059195,299.525398040863,287.98055369566845,295.4910257877033
2023-05-01 13:32:00,294.5896764009567,296.61854290123256,293.7667657308869,296.28651365493545
2023-05-01 13:33:00,306.7172099064324,308.5995784467309,301.22256566696166,306.9217439280753
2023-05-01 13:34:00,316.97379044594163,317.52076407121064,313.6179158751918,315.74546507552697
2023-05-01 13:35:00,338.2752136085003,340.8753352343291,337.4715925730683,338.2779214629894
2023-05-01 13:36:00,335.2369112717104,338.26740340288336,331.6122002157833,337.63268828260004
2023-05-01 13:37:00,357.83171049207334,359.7782811656782,356.4062676932212,356.5700941758521
2023-05-01 13:38:00,366.395485086294,372.73254928906164,365.7044360921857,368.18331668789943
2023-05-01 13:39:00,389.5733515807251,392.2675952625641,378.87426816525965,380.4468423091543
2023-05-01 13:40:00,396.12007915597735,399.7878383127071,394.20001947277694,396.14790506257333
2023-05-01 13:41:00,374.18415497823503,374.3699042176,369.26909776998974,372.9120148111109
2023-05-01 13:42:00,373.84884529186616,380.5245602054327,367.1443538792674,374.0483267670422
2023-05-01 13:43:00,354.4299366577198,359.37155578674987,351.211626120556,353.10461321841
2023-05-01 13:44:00,366.89028026654444,375.2360161147043,364.5321590283378,368.344082115115
2023-05-01 13:45:00,345.52167874180907,347.35140593310916,337.67130100562565,339.55910444545185
2023-05-01 13:46:00,355.10953948906604,357.10594769595633,343.55161949578326,354.19074163452956
2023-05-01 13:47:00,356.9266481054775,360.42060992988263,351.8559029160675,355.0837171607764
2023-05-01 13:48:00,386.0052478898806,391.78722928400407,385.1320729979317,390.0555887259651
2023-05-01 13:49:00,381.97723163042957,384.68442842402123,381.6883049143716,382.3791120015281
2023-05-01 13:50:00,382.2581637295349,385.4270085361892,376.5651966905759,380.06620370474843
2023-05-01 13:51:00,384.4713388838379,385.27942458570936,374.884030067773,381.9678519188956
2023-05-01 13:52:00,341.8665435687834,353.33089128114614,339.1106530138649,346.6174478176072
2023-05-01 13:53:00,328.2248724808133,331.09630873743185,324.4652153227794,326.17176494055474
2023-05-01 13:54:00,325.79340111088436,327.68909975158743,312.8088146143558,325.1145090351241
2023-05-01 13:55:00,329.66636896272064,331.139859862602,321.41475568391155,324.2548007538909
2023-05-01 13:56:00,301.1389727240542,305.42864708525474,296.99095054166133,297.1856698859927
2023-05-01 13:57:00,301.74196894143364,305.1669898655531,301.4429278621525,303.138942873198
2023-05-01 13:58:00,295.54025072843757,299.86433036888894,294.15503766734867,295.15856779884166
2023-05-01 13:59:00,322.3541484425614,323.10742838548794,318.4995889825048,319.91868715704067
2023-05-01 14:00:00,323.8001177635181,326.92700436918307,313.21877654046966,316.93102607015226
2023-05-01 14:01:00,319.9846661085494,326.77626103097737,314.20794252108607,317.067859706189
2023-05-01 14:02:00,322.403296709767,324.329074925106,316.8701418060564,319.53511161305556
2023-05-01 14:03:00,314.79814084497025,319.1251198972402,311.74185116327016,317.47679890300066
2023-05-01 14:04:00,320.3807987954692,324.6988728015271,318.43005545109423,320.40867033490366
2023-05-01 14:05:00,321.7295051766904,331.5303314520976,316.4050294698119,324.04009536966004
2023-05-01 14:06:00,316.19491305207583,319.3756790825042,310.88271978494873,314.31050461108856
2023-05-01 14:07:00,310.48451932478486,314.6114866530829,307.143909627842,312.00508622119827
2023-05-01 14:08:00,329.48527373564116,331.621166997496,327.99784060148045,329.6150625385072
2023-05-01 14:09:00,342.5376549882273,344.18453292833544,339.8673638943579,343.53133624945394
2023-05-01 14:10:00,346.65966829968687,350.16063772342676,335.9607769150247,341.50666003693595
2023-05-01 14:11:00,331.80676610933347,333.58798304889,324.4063842711949,326.27913319536117
2023-05-01 14:12:00,334.9888523918193,336.6023044071494,329.89269400504946,331.5760531690315
2023-05-01 14:13:00,358.27089166551957,360.2287659838414,356.81030336675866,356.9625428000652
2023-05-01 14:14:00,355.4089600024251,355.52369184311124,348.60683825187334,352.17225015865944
2023-05-01 14:15:00,343.5237786417752,352.3639241037519,340.1627754157734,345.88165603874614
2023-05-01 14:16:00,328.72490853226645,333.21923829493295,325.8987101787153,326.5719498537245
2023-05-01 14:17:00,340.15823548437635,341.5708955300322,330.96254225181593,338.90904586737287
2023-05-01 14:18:00,346.29189769837,350.4160643652355,341.29820370785217,348.84142233690994
2023-05-01 14:19:00,311.3824848353149,312.4519763838717,308.00095848462564,311.3490506823165
2023-05-01 14:20:00,297.6849207494186,298.3020136894944,293.22504226881955,294.9009630062872
2023-05-01 14:21:00,307.90818391159183,309.50526810454625,301.7880979864832,302.41421277392
2023-05-01 14:22:00,315.01053372606856,320.26377378220565,311.25354084176973,314.56727890409826
2023-05-01 14:23:00,310.72447423713595,320.2133270058856,306.5085630275013,318.16052695868666
2023-05-01 14:24:00,311.61176479497715,315.2966740044241,306.32923373063426,310.8405341388086
2023-05-01 14:25:00,299.82072861636334,304.2949511453252,298.78705736868596,299.15950641810474
2023-05-01 14:26:00,310.5489079561609,310.84704010521324,305.39612262320077,309.83086091618856
2023-05-01 14:27:00,294.80291948313067,295.35756492661807,292.2901919408438,294.16102510794843
2023-05-01 14:28:00,289.5112658773921,295.73624019315724,286.1606738896509,293.15396955247337
2023-05-01 14:29:00,290.3249050763968,292.8596080821713,288.4586353463029,290.45389830907527
2023-05-01 14:30:00,261.23620660403407,267.37828485164454,260.0836628252038,266.41915682217353
2023-05-01 14:31:00,257.056504230537,258.4658528006247,252.1021121264865,254.21533785235667
2023-05-01 14:32:00,244.21209024685547,246.93949341143664,241.29943794602758,244.19383637988182
2023-05-01 14:33:00,236.13956445607153,238.98630835087292,233.72875515309838,237.59648181323968
2023-05-01 14:34:00,217.47308161520724,217.86315379786166,214.16984823488352,215.28270542387548
2023-05-01 14:35:00,223.67513567007845,224.70207241263202,219.9617594883657,224.16360651647608
2023-05-01 14:36:00,221.1505096358487,223.7224416389703,213.1921692069129,217.65306505146188
2023-05-01 14:37:00,208.38691165522457,210.53572809218787,206.3674672493153,206.93286909602904
2023-05-01 14:38:00,209.72481346522835,212.47396620021502,208.88176386330986,210.74169718095794
2023-05-01 14:39:00,207.82163304256954,208.54397206979863,204.47024566752376,206.48891412732553
2023-05-01 14:40:00,202.24640693828403,206.9746248009957,200.56212707623664,203.2811792400711
2023-05-01 14:41:00,212.45569378165493,215.89301268125598,211.51302047756295,212.68760465154722
2023-05-01 14:42:00,191.65302961723427,193.02715711535356,190.91108646687013,191.44224614245056
2023-05-01 14:43:00,180.70841710184314,183.06395815739688,179.78152954184927,182.04130574272074
2023-05-01 14:44:00,173.42859138041584,174.1563209430797,171.99328434339117,173.1286317263406
2023-05-01 14:45:00,179.01283108019422,183.8415218588995,178.72105043655267,182.93684173029794
2023-05-01 14:46:00,182.06659686479213,183.68265313371967,181.71369199332483,183.63817585991887
2023-05-01 14:47:00,172.71917884019908,175.12215933582854,167.46869481944037,174.60322335174143
2023-05-01 14:48:00,165.99485546927752,166.54043705930263,164.6467714085641,165.40114047155666
2023-05-01 14:49:00,163.3553913089021,163.97757899798125,160.55020174751053,161.72123499501836
2023-05-01 14:50:00,157.3072094924275,158.3798234670028,155.31744941557503,155.4504318553805
2023-05-01 14:51:00,149.290884650899,152.1662008868509,147.68657227304246,147.8240059385197
2023-05-01 14:52:00,150.09754335401863,151.77107596040884,146.28725601488915,148.29561387781425
2023-05-01 14:53:00,154.23086918290096,155.7747490239726,152.78036552766824,154.3577903305658
2023-05-01 14:54:00,153.7989584468828,155.1960826944263,150.8017186712186,151.27583521574863
2023-05-01 14:55:00,163.19218061324406,167.47143573476595,162.47243856197377,166.04247194311242
2023-05-01 14:56:00,157.66541040408936,157.69296104660856,155.3444053062496,156.3171177335629
2023-05-01 14:57:00,173.88334118165508,175.6209525407536,170.45185883570676,171.65563012450949
2023-05-01 14:58:00,181.26473614253388,181.32507988829414,177.8742919348563,180.37306819708306
2023-05-01 14:59:00,188.51351217455837,189.69401591425503,186.81532694751849,189.19245849071686
2023-05-01 15:00:00,176.98882144102427,179.1333216062068,176.55074745176015,178.73464401618935
2023-05-01 15:01:00,176.50464387023703,177.6039446105964,174.6916503633116,176.03302095483357
2023-05-01 15:02:00,184.67340837076782,187.2342024479726,182.70055570719612,186.20150284543362
2023-05-01 15:03:00,178.55369442087627,178.74230263420645,176.70520337953525,178.4096884231499
2023-05-01 15:04:00,176.55275406093014,178.54282871105312,174.6268012435192,178.4968744741829
2023-05-01 15:05:00,174.50502289291407,175.5080586790005,174.36316390070763,175.3967444883548
2023-05-01 15:06:00,182.27080413310702,182.29512459710568,179.46003931049094,181.04653906100754
2023-05-01 15:07:00,183.8203833476947,185.03363342063534,180.50227871237118,182.25231863841094
2023-05-01 15:08:00,188.56533338881005,188.98193063762167,184.57517833669675,186.08960280694984
2023-05-01 15:09:00,192.14800197934744,192.3506515602845,189.3982480783079,192.24061198737454
2023-05-01 15:10:00,210.05277065826397,212.59513594346944,209.45674159697336,211.50580685029004
2023-05-01 15:11:00,195.62206692596206,199.06737478228294,193.66230113518523,194.06880744493242
2023-05-01 15:12:00,202.5700594808407,206.22282462310136,200.50952514719495,202.38031069603568
2023-05-01 15:13:00,211.9109695840522,217.42868173102988,211.52599500957808,215.47529653566278
2023-05-01 15:14:00,219.47447142837535,222.47610910932514,215.53586156455674,218.27861673103192
2023-05-01 15:15:00,221.32505108480424,223.71890703573172,216.3221373521655,222.72168648315974
2023-05-01 15:16:00,226.69885028884238,227.65465492481803,220.02264628398223,222.49824507537411
2023-05-01 15:17:00,225.21679551326827,229.40665195630876,221.80997141066476,222.07040001568046
2023-05-01 15:18:00,220.70167161054962,225.2751526405043,217.25211750239075,224.46797041532108
2023-05-01 15:19:00,201.5837762670298,204.73235696122296,199.18547981292835,201.5438503943049
2023-05-01 15:20:00,196.7900704765792,197.24231325728607,191.56332741916256,192.3845285389291
2023-05-01 15:21:00,210.11077249591338,216.58278493705737,206.48661568518926,212.87052658689828
2023-05-01 15:22:00,220.6900341749437,225.4886806319601,217.92072886914988,225.3643508095921
2023-05-01 15:23:00,221.04031512353393,224.39850209933147,220.46500122300884,222.42359344279689
2023-05-01 15:24:00,216.39968119956183,216.83469343110735,215.63699419306812,215.72652601797162
2023-05-01 15:25:00,220.04254924585092,225.9919875491651,215.99619135818585,218.37669468773163
2023-05-01 15:26:00,212.6128843433761,216.86731145018027,208.62440860233394,208.86730717747255
2023-05-01 15:27:00,207.71554538262924,209.89927872323025,204.91488489638138,209.28850321124514
2023-05-01 15:28:00,197.4199850041655,199.5549064802101,197.32508109520217,198.69335642779785
2023-05-01 15:29:00,219.3828488111048,221.45676759849533,218.0621646899185,220.89866255938165
2023-05-01 15:30:00,208.5957747512757,212.7768642882399,206.22435353129703,211.56832891328847
2023-05-01 15:31:00,222.66273596506193,226.92206667639203,219.5422610513479,225.15496195568036
2023-05-01 15:32:00,221.95438643287923,222.90247693482357,221.3242678868047,222.65364234063907
2023-05-01 15:33:00,227.86380798674065,231.98874551345543,226.57811277180272,231.82656115611613
2023-05-01 15:34:00,236.5401393813761,239.60249520727484,235.27490851950253,236.63729246891654
2023-05-01 15:35:00,230.68102949916286,234.60473285225507,228.5588263369812,233.58462877344596
2023-05-01 15:36:00,223.69345869572865,225.34907052988066,222.96318643554184,224.848811039106
2023-05-01 15:37:00,225.9955406924834,228.92157156077732,225.39071106923046,228.31393396454598
2023-05-01 15:38:00,235.36099694899252,238.04074172611527,234.3410747441635,235.95623148468465
2023-05-01 15:39:00,236.33380585880076,238.53181307637612,232.6543620172055,236.4699716402689
2023-05-01 15:40:00,227.16487436978977,230.07795011758287,225.89597784611107,226.09713113150585
2023-05-01 15:41:00,230.37747891293304,231.9252235380026,228.16714188684537,231.5356769733878
2023-05-01 15:42:00,233.14870835471135,238.76623921426358,231.78264171019862,235.195224368736
2023-05-01 15:43:00,246.33468708316735,250.71211770331342,243.80542478469428,244.49690265617068
2023-05-01 15:44:00,223.86233107273418,227.64091507773537,219.05736433759918,223.14253818473887
2023-05-01 15:45:00,216.8065782317656,217.7505016289395,216.35614688322894,217.3092204326598
2023-05-01 15:46:00,195.7386119503024,197.80200803564637,194.01021693440353,194.34201350082577
2023-05-01 15:47:00,196.892936730929,201.67279256707303,196.6832466472624,199.43439420542774
2023-05-01 15:48:00,198.7685652215611,200.85796815606994,196.7983849022998,199.48748445391064
2023-05-01 15:49:00,197.74998794959276,200.73280431699257,188.18525560601398,190.93749361930787
2023-05-01 15:50:00,196.35923410057924,200.2938632248127,194.83441042427754,198.3873279234544
2023-05-01 15:51:00,195.5585184651368,197.40140526373847,195.29002158968845,196.336629467255
2023-05-01 15:52:00,197.48634346697844,201.99866199285157,193.61226892681162,194.94774144780837
2023-05-01 15:53:00,210.73519762864254,211.98925639683645,208.67107025519894,211.3376663374487
2023-05-01 15:54:00,223.8669074955297,226.8394035587338,221.85998970164547,226.0950554864229
2023-05-01 15:55:00,223.03620022440595,225.10526973474248,222.08479387591203,224.37758691448107
2023-05-01 15:56:00,210.45784668762514,212.74607783187474,208.57033950349864,211.47855890662132
2023-05-01 15:57:00,210.24059313753872,210.4659010503235,209.5370551116178,209.7561931527746
2023-05-01 15:58:00,220.62699481341141,220.62773207241207,215.55219314335665,217.39339325979623
2023-05-01 15:59:00,225.70951709760698,226.6152711345369,225.39643674055583,225.43981663554493
2023-05-01 16:00:00,249.535437289299,250.31845048291876,242.65301034835596,244.67774257825693
2023-05-01 16:01:00,270.2043424709224,277.10258735098586,267.436986797441,272.39399251166816
2023-05-01 16:02:00,274.46580835816695,275.67536928191146,269.31553657564376,270.26092894852206
2023-05-01 16:03:00,285.75023512731616,290.323479743203,283.3940437416039,283.9293537526052
2023-05-01 16:04:00,280.5907471878233,283.16181622217306,276.13262191863635,279.74514964137046
2023-05-01 16:05:00,257.57473661597766,258.78410876966893,252.57696347203887,253.53011244468595
2023-05-01 16:06:00,263.7033976669028,271.2232834153638,261.76973776369056,268.9064150962008
2023-05-01 16:07:00,253.59327769011904,253.63941889276154,250.86532222156396,252.658738990603
2023-05-01 16:08:00,237.4980104550812,239.43464398900892,231.50567375580096,234.61379328160746
2023-05-01 16:09:00,240.82190733122638,242.08102189951546,237.26670576658717,237.3800886891648
2023-05-01 16:10:00,261.11838520472577,265.8751220032944,258.420427057687,262.31399325806547
2023-05-01 16:11:00,243.29938580606313,245.83809650492555,240.72163351366677,244.76268571744083
2023-05-01 16:12:00,238.63917055584113,240.2296404679998,238.35632448372445,239.2508428883075
2023-05-01 16:13:00,234.15646607386583,240.58767538313592,233.11814329208391,235.846957242412
2023-05-01 16:14:00,234.49018040538624,236.9020399698053,231.41136964640586,231.95883013716931
2023-05-01 16:15:00,225.576546656846,228.1747685480334,220.2914728866306,224.0863882069195
2023-05-01 16:16:00,211.42645490233977,216.38219813289157,208.45773102476082,214.48252134496067
2023-05-01 16:17:00,232.43680404979094,240.18805126423928,230.08601727187659,233.63473559084383
2023-05-01 16:18:00,225.20943232655384,228.657734181274,216.9968379267418,221.35703493519352
2023-05-01 16:19:00,247.41189778856528,252.3711093581079,245.03585699627436,249.2802979085841
2023-05-01 16:20:00,227.7631083650519,230.05183835016157,223.80444084660937,226.4279476377078
2023-05-01 16:21:00,244.42610692762864,247.73936474905335,243.81123675168226,246.9158062322547
2023-05-01 16:22:00,261.7471019783351,263.13408567725617,260.2569798591038,261.1931919951662
2023-05-01 16:23:00,260.57277583639956,263.7182241310399,254.42771970615271,257.6030837855037
2023-05-01 16:24:00,266.8559582240601,268.3504569697458,261.4139855604526,265.737167023155
2023-05-01 16:25:00,287.77246134347234,294.0248223985816,286.1019768071494,289.36366762617735
2023-05-01 16:26:00,299.520559448779,300.81402252010736,296.2860038603637,298.04135227032606
2023-05-01 16:27:00,290.8097115389599,294.46266860030846,289.1947101336611,289.6401822746098
2023-05-01 16:28:00,284.03910407617377,286.57946019623955,281.94351254296356,285.4610333926593
2023-05-01 16:29:00,293.56827961742266,294.08245428478574,293.00308544277004,293.58805230523876
2023-05-01 16:30:00,273.68443812216753,274.2936214986586,267.38753310152345,273.87299247360176
2023-05-01 16:31:00,246.43095624398455,248.69238092039225,245.80629609859233,246.84393710388
2023-05-01 16:32:00,248.52344787459722,250.50491180797945,247.54861938554092,248.09847876528838
2023-05-01 16:33:00,250.70778986599143,252.80072868005297,243.1824339587175,247.19763844681898
2023-05-01 16:34:00,244.13524049363696,246.0671256969093,242.16467105991407,245.79895389494433
2023-05-01 16:35:00,256.99789941012654,259.274904252269,250.72860886816807,254.23539539582376
2023-05-01 16:36:00,266.0713202849841,273.0528546608461,265.5878455520147,269.7798000999283
2023-05-01 16:37:00,258.9499686071962,265.24129929672955,257.5759806585711,263.5245330100691
2023-05-01 16:38:00,270.9201107712763,276.30413588643233,270.8393568606918,271.9550960599381
2023-05-01 16:39:00,266.35752488108307,270.1124543472889,262.7627176853104,267.81143855107905
